AB,Defect,Type,Plot,Label,gap,VBM,Toten_pure,Toten_p2,Toten_p1,Toten_neut,Toten_m1,Toten_m2,Corr_p2,Corr_p1,Corr_neut,Corr_m1,Corr_m2,mu_Cd_rich,mu_Te_rich
CdTe,As_Te+As_i,Extrinsic,Y,As$_{Te}$+As$_{i}$,0.64,2.14,-592.22,-601.49,-598.83,-596.26,-593.49,-590.67,0.29,0.07,0.00,0.06,0.23,6.16,6.75
CdTe,As_Te+Cl_Te,Extrinsic,Y,As$_{Te}$+Cl$_{Te}$,0.64,2.14,-592.22,-596.15,-594.04,-591.89,-589.22,-586.49,0.19,0.04,0.00,0.12,0.30,0.25,1.32
CdTe,As_Te+Cl_i,Extrinsic,Y,As$_{Te}$+Cl$_{i}$,0.64,2.14,-592.22,-599.54,-597.39,-595.20,-591.61,-589.28,0.25,0.01,0.00,0.09,0.28,4.55,4.84
CdTe,As_Te+O_Te,Extrinsic,Y,As$_{Te}$+O$_{Te}$,0.64,2.14,-592.22,-598.50,-596.42,-594.31,-592.17,-589.61,0.24,0.02,0.00,0.11,0.28,3.92,4.87
CdTe,As_Te+O_i,Extrinsic,Y,As$_{Te}$+O$_{i}$,0.64,2.14,-592.22,-603.12,-600.97,-598.70,-596.12,-593.39,0.14,0.01,0.00,0.12,0.36,8.22,8.40
CdTe,As_i+As_i,Extrinsic,Y,As$_{i}$+As$_{i}$,0.64,2.14,-592.22,-605.09,-602.22,-599.63,-596.68,-593.83,0.43,0.12,0.00,0.00,0.23,10.46,10.28
CdTe,As_i+Te_i,Extrinsic,Y,As$_{i}$+Te$_{i}$,0.64,2.14,-592.22,-603.18,-600.94,-598.10,-595.22,-591.74,0.35,0.13,0.00,0.01,0.20,9.53,8.67
CdTe,Bi_Te+Bi_i,Extrinsic,Y,Bi$_{Te}$+Bi$_{i}$,0.64,2.14,-592.22,-599.95,-597.16,-594.31,-591.11,-588.11,0.39,0.10,0.00,0.10,0.28,4.33,6.14
CdTe,Bi_Te+Cl_Te,Extrinsic,Y,Bi$_{Te}$+Cl$_{Te}$,0.64,2.14,-592.22,-594.88,-592.70,-590.45,-587.74,-584.98,0.35,0.06,0.00,0.07,0.28,-0.67,1.01
CdTe,Bi_Te+Cl_i,Extrinsic,Y,Bi$_{Te}$+Cl$_{i}$,0.64,2.14,-592.22,-598.97,-596.38,-594.06,-591.27,-587.78,0.29,0.05,0.00,0.07,0.28,3.63,4.54
CdTe,Bi_Te+O_Te,Extrinsic,Y,Bi$_{Te}$+O$_{Te}$,0.64,2.14,-592.22,-597.49,-595.33,-593.14,-590.81,-588.22,0.24,0.04,0.00,0.10,0.29,3.01,4.57
CdTe,Bi_Te+O_i,Extrinsic,Y,Bi$_{Te}$+O$_{i}$,0.64,2.14,-592.22,-602.41,-600.14,-597.33,-594.57,-591.58,0.19,0.05,0.00,0.12,0.36,7.31,8.09
CdTe,Bi_i+Bi_i,Extrinsic,Y,Bi$_{i}$+Bi$_{i}$,0.64,2.14,-592.22,-603.48,-600.64,-597.73,-594.75,-591.56,0.54,0.15,0.00,0.11,0.25,8.63,9.67
CdTe,Bi_i+Te_i,Extrinsic,Y,Bi$_{i}$+Te$_{i}$,0.64,2.14,-592.22,-602.32,-600.03,-597.16,-594.25,-590.41,0.51,0.14,0.00,0.02,0.16,8.61,8.36
CdTe,N_Te+Cl_Te,Extrinsic,Y,N$_{Te}$+Cl$_{Te}$,0.64,2.14,-592.22,-597.99,-595.90,-593.79,-591.17,-588.50,0.35,0.03,0.00,0.13,0.34,3.56,4.71
CdTe,N_Te+Cl_i,Extrinsic,Y,N$_{Te}$+Cl$_{i}$,0.64,2.14,-592.22,-600.76,-598.60,-596.73,-593.61,-591.21,0.39,-0.01,0.00,0.10,0.30,7.86,8.24
CdTe,N_Te+N_i,Extrinsic,Y,N$_{Te}$+N$_{i}$,0.64,2.14,-592.22,-608.99,-606.27,-603.50,-600.14,-596.69,0.33,0.04,0.00,0.10,0.26,12.78,13.55
CdTe,N_Te+O_Te,Extrinsic,Y,N$_{Te}$+O$_{Te}$,0.64,2.14,-592.22,-600.18,-598.13,-595.92,-593.81,-591.31,0.39,0.01,0.00,0.12,0.31,7.23,8.27
CdTe,N_Te+O_i,Extrinsic,Y,N$_{Te}$+O$_{i}$,0.64,2.14,-592.22,-605.10,-602.95,-600.41,-597.70,-594.94,0.33,-0.01,0.00,0.12,0.36,11.53,11.80
CdTe,N_i+N_i,Extrinsic,Y,N$_{i}$+N$_{i}$,0.64,2.14,-592.22,-611.54,-609.34,-607.03,-604.26,-601.44,0.33,0.10,0.00,0.06,0.26,17.08,17.08
CdTe,N_i+Te_i,Extrinsic,Y,N$_{i}$+Te$_{i}$,0.64,2.14,-592.22,-605.39,-602.96,-600.14,-597.26,-594.25,0.40,0.12,0.00,0.04,0.21,12.84,12.07
CdTe,P_Te+Cl_Te,Extrinsic,Y,P$_{Te}$+Cl$_{Te}$,0.64,2.14,-592.22,-596.78,-594.67,-592.52,-589.84,-587.11,0.19,0.04,0.00,0.11,0.32,0.96,1.94
CdTe,P_Te+Cl_i,Extrinsic,Y,P$_{Te}$+Cl$_{i}$,0.64,2.14,-592.22,-600.15,-597.99,-595.80,-592.03,-589.89,0.24,0.01,0.00,0.09,0.28,5.26,5.46
CdTe,P_Te+O_Te,Extrinsic,Y,P$_{Te}$+O$_{Te}$,0.64,2.14,-592.22,-599.06,-596.89,-594.88,-592.75,-590.18,0.19,0.02,0.00,0.11,0.29,4.63,5.49
CdTe,P_Te+O_i,Extrinsic,Y,P$_{Te}$+O$_{i}$,0.64,2.14,-592.22,-604.31,-602.15,-599.90,-597.41,-594.67,0.14,0.01,0.00,0.12,0.32,8.93,9.02
CdTe,P_Te+P_i,Extrinsic,Y,P$_{Te}$+P$_{i}$,0.64,2.14,-592.22,-602.23,-599.98,-597.49,-594.72,-591.90,0.25,0.07,0.00,0.09,0.26,7.58,7.99
CdTe,P_i+P_i,Extrinsic,Y,P$_{i}$+P$_{i}$,0.64,2.14,-592.22,-606.09,-603.52,-600.84,-598.05,Not converged,0.37,0.12,0.00,0.06,0.22,11.88,11.52
CdTe,P_i+Te_i,Extrinsic,Y,P$_{i}$+Te$_{i}$,0.64,2.14,-592.22,-603.62,-601.37,-598.54,-595.65,-592.26,0.42,0.13,0.00,0.04,0.20,10.24,9.29
CdTe,Sb_Te+Cl_Te,Extrinsic,Y,Sb$_{Te}$+Cl$_{Te}$,0.64,2.14,-592.22,-595.46,-593.31,-591.11,-588.40,-585.64,0.19,0.06,0.00,0.10,0.25,-0.40,1.04
CdTe,Sb_Te+Cl_i,Extrinsic,Y,Sb$_{Te}$+Cl$_{i}$,0.64,2.14,-592.22,-598.97,-596.77,-594.53,-591.00,-588.43,0.20,0.04,0.00,0.09,0.22,3.90,4.57
CdTe,Sb_Te+O_Te,Extrinsic,Y,Sb$_{Te}$+O$_{Te}$,0.64,2.14,-592.22,-597.95,-595.83,-593.67,-591.44,-588.84,0.20,0.03,0.00,0.10,0.28,3.27,4.60
CdTe,Sb_Te+O_i,Extrinsic,Y,Sb$_{Te}$+O$_{i}$,0.64,2.14,-592.22,-602.95,-600.74,-597.97,-595.24,-592.48,0.19,0.04,0.00,0.11,0.36,7.57,8.12
CdTe,Sb_Te+Sb_i,Extrinsic,Y,Sb$_{Te}$+Sb$_{i}$,0.64,2.14,-592.22,-600.44,-597.64,-594.67,-591.82,-588.89,0.37,0.09,0.00,0.04,0.16,4.86,6.21
CdTe,Sb_i+Sb_i,Extrinsic,Y,Sb$_{i}$+Sb$_{i}$,0.64,2.14,-592.22,-603.87,-600.65,-598.09,-595.24,-592.20,0.33,0.15,0.00,-0.02,0.16,9.16,9.73
CdTe,As_Te,Extrinsic,Y,As$_{Te}$,0.64,2.14,-592.22,-596.69,-594.56,-592.40,-590.21,-587.49,0.14,0.01,0.00,0.12,0.25,0.93,1.61
CdTe,As_i_Td_Cd2.81,Extrinsic,Y,"As$_{i,Td_Cd2.81}$",0.64,2.14,-592.22,-599.98,-597.16,-595.03,-592.26,-588.31,0.43,0.12,0.00,0.00,0.23,5.23,5.14
CdTe,Bi_Te,Extrinsic,Y,Bi$_{Te}$,0.64,2.14,-592.22,-595.52,-593.31,-591.06,-588.73,-585.98,0.23,0.05,0.00,0.04,0.19,0.02,1.31
CdTe,Bi_i_Td_Cd2.81,Extrinsic,Y,"Bi$_{i,Td_Cd2.81}$",0.64,2.14,-592.22,-599.52,-596.68,-593.86,-591.12,-587.17,0.54,0.15,0.00,0.07,0.22,4.32,4.84
CdTe,Cd_Te,Native,Y,Cd$_{Te}$,0.64,2.14,-592.22,-592.81,-590.06,-587.25,-584.20,-581.10,0.33,0.10,0.00,0.04,0.18,-3.11,-1.56
CdTe,Cd_i,Native,Y,"Cd$_{i,C3v}$",0.64,2.14,-592.22,-597.93,-595.19,-592.40,-589.20,-585.96,0.41,0.14,0.00,0.05,0.19,1.19,1.96
CdTe,Cl_Te,Extrinsic,Y,Cl$_{Te}$,0.64,2.14,-592.22,-595.91,-593.75,-591.06,-588.31,-584.60,0.33,0.07,0.00,-0.02,0.16,-0.68,-0.30
CdTe,N_Te,Extrinsic,Y,N$_{Te}$,0.64,2.14,-592.22,-598.40,-596.30,-594.19,-592.04,-589.39,0.19,-0.01,0.00,0.13,0.25,4.24,5.01
CdTe,N_i,Extrinsic,Y,"N$_{i,Td_Te2.81}$",0.64,2.14,-592.22,-601.52,-598.05,-595.84,-593.09,-590.29,0.33,0.10,0.00,0.06,0.26,8.54,8.54
CdTe,O_Te,Extrinsic,Y,O$_{Te}$,0.64,2.14,-592.22,-598.42,-596.31,-594.18,-591.60,-588.97,0.24,0.02,0.00,0.10,0.30,2.99,3.26
CdTe,P_Te,Extrinsic,Y,P$_{Te}$,0.64,2.14,-592.22,-597.29,-595.16,-593.01,-590.83,-588.11,0.14,0.01,0.00,0.11,0.31,1.64,2.23
CdTe,P_i,Extrinsic,Y,"P$_{i,Td_Cd2.81}$",0.64,2.14,-592.22,-600.16,-598.19,-595.40,-592.85,-588.65,0.37,0.12,0.00,0.06,0.23,5.94,5.76
CdTe,Sb_Te,Extrinsic,Y,Sb$_{Te}$,0.64,2.14,-592.22,-596.06,-593.88,-591.67,-589.40,-586.66,0.20,0.04,0.00,0.10,0.26,0.28,1.34
CdTe,Sb_i,Extrinsic,Y,"Sb$_{i,Td_Cd2.81}$",0.64,2.14,-592.22,-599.53,-596.69,-594.12,-591.44,-587.46,0.53,0.15,0.00,-0.02,0.16,4.58,4.87
CdTe,V_Cd,Native,Y,V$_{Cd}$,0.64,2.14,-592.22,-592.98,-590.85,-588.70,-586.52,-584.30,0.19,-0.01,0.00,0.14,0.42,-1.19,-1.96
CdTe,V_Te,Native,Y,V$_{Te}$,0.64,2.14,-592.22,-591.87,-589.18,-586.43,-583.34,-580.51,0.30,0.09,0.00,0.10,0.25,-4.30,-3.53
CdSe0.06Te0.94,As_Se,Extrinsic,Y,As$_{Se}$,0.60,2.09,-595.91,-599.67,-597.56,-595.46,-593.24,-590.62,0.29,0.07,0.00,0.06,0.23,,1.00
CdSe0.06Te0.94,As_Te,Extrinsic,Y,As$_{Te}$,0.60,2.09,-595.91,-600.24,-598.16,-596.07,-593.90,-591.26,0.19,0.04,0.00,0.12,0.31,,1.63
CdSe0.06Te0.94,As_Te+As_i,Extrinsic,Y,As$_{Te}$+As$_{i}$,0.60,2.09,-595.91,-605.10,-602.46,-599.89,-597.21,-594.48,0.25,0.01,0.00,0.09,0.29,,6.79
CdSe0.06Te0.94,As_Te+Cl_Te,Extrinsic,Y,As$_{Te}$+Cl$_{Te}$,0.60,2.09,-595.91,-599.73,-597.68,-595.59,-592.98,-590.34,0.25,0.02,0.00,0.11,0.28,,1.34
CdSe0.06Te0.94,As_Te+Cl_i,Extrinsic,Y,As$_{Te}$+Cl$_{i}$,0.60,2.09,-595.91,-603.31,-600.99,-598.10,-595.41,-593.43,0.14,0.01,0.00,0.12,0.36,,4.87
CdSe0.06Te0.94,As_Te+O_Te,Extrinsic,Y,As$_{Te}$+O$_{Te}$,0.60,2.09,-595.91,-602.16,-600.09,-598.05,-595.93,-593.43,0.44,0.12,0.00,0.00,0.24,,4.91
CdSe0.06Te0.94,As_Te+O_i,Extrinsic,Y,As$_{Te}$+O$_{i}$,0.60,2.09,-595.91,-606.76,-604.64,-602.28,-599.82,-597.17,0.35,0.13,0.00,0.01,0.20,,8.64
CdSe0.06Te0.94,As_i,Extrinsic,Y,As$_{i}$,0.60,2.09,-595.91,-603.73,-601.45,-598.61,-595.99,-593.29,0.39,0.10,0.00,0.10,0.28,,5.16
CdSe0.06Te0.94,As_i+As_i,Extrinsic,Y,As$_{i}$+As$_{i}$,0.60,2.09,-595.91,-608.68,-605.77,-603.21,-600.40,-597.63,0.35,0.06,0.00,0.07,0.28,,10.32
CdSe0.06Te0.94,As_i+Te_i,Extrinsic,Y,As$_{i}$+Te$_{i}$,0.60,2.09,-595.91,-606.57,-604.20,-601.59,-598.75,-589.84,0.29,0.05,0.00,0.07,0.28,,8.69
CdSe0.06Te0.94,Bi_Se,Extrinsic,Y,Bi$_{Se}$,0.60,2.09,-595.91,-598.50,-596.31,-594.10,-591.77,-589.05,0.24,0.04,0.00,0.10,0.29,,0.15
CdSe0.06Te0.94,Bi_Te,Extrinsic,Y,Bi$_{Te}$,0.60,2.09,-595.91,-599.07,-596.91,-594.73,-592.40,-589.74,0.19,0.05,0.00,0.12,0.36,,0.78
CdSe0.06Te0.94,Bi_Te+Bi_i,Extrinsic,Y,Bi$_{Te}$+Bi$_{i}$,0.60,2.09,-595.91,-603.55,-600.84,-598.07,-594.87,-592.09,0.55,0.15,0.00,0.11,0.25,,5.09
CdSe0.06Te0.94,Bi_Te+Cl_Te,Extrinsic,Y,Bi$_{Te}$+Cl$_{Te}$,0.60,2.09,-595.91,-598.45,-596.31,-594.12,-591.49,-588.79,0.51,0.14,0.00,0.02,0.16,,0.49
CdSe0.06Te0.94,Bi_Te+Cl_i,Extrinsic,Y,Bi$_{Te}$+Cl$_{i}$,0.60,2.09,-595.91,-602.77,-600.00,-597.70,-594.38,-592.27,0.35,0.03,0.00,0.13,0.34,,4.02
CdSe0.06Te0.94,Bi_Te+O_Te,Extrinsic,Y,Bi$_{Te}$+O$_{Te}$,0.60,2.09,-595.91,-601.12,-599.03,-596.85,-594.56,-592.04,0.39,-0.01,0.00,0.10,0.30,,4.06
CdSe0.06Te0.94,Bi_Te+O_i,Extrinsic,Y,Bi$_{Te}$+O$_{i}$,0.60,2.09,-595.91,-605.74,-603.56,0.00,-598.34,-595.58,0.33,0.04,0.00,0.10,0.26,,7.79
CdSe0.06Te0.94,Bi_i,Extrinsic,Y,Bi$_{i}$,0.60,2.09,-595.91,-603.16,-600.35,-597.67,-594.81,-590.97,0.39,0.01,0.00,0.12,0.31,,4.31
CdSe0.06Te0.94,Bi_i+Bi_i,Extrinsic,Y,Bi$_{i}$+Bi$_{i}$,0.60,2.09,-595.91,-606.97,-604.04,-601.24,-597.75,-594.93,0.33,-0.01,0.00,0.12,0.37,,8.62
CdSe0.06Te0.94,Bi_i+Te_i,Extrinsic,Y,Bi$_{i}$+Te$_{i}$,0.60,2.09,-595.91,-605.58,-603.20,-600.48,-597.61,-588.70,0.34,0.10,0.00,0.06,0.27,,7.84
CdSe0.06Te0.94,N_Se,Extrinsic,Y,N$_{Se}$,0.60,2.09,-595.91,-601.47,-599.39,-597.30,-595.16,-592.55,0.40,0.12,0.00,0.04,0.21,,4.37
CdSe0.06Te0.94,N_Te,Extrinsic,Y,N$_{Te}$,0.60,2.09,-595.91,-602.01,-599.95,-597.89,-595.77,-593.20,0.19,0.04,0.00,0.11,0.33,,5.01
CdSe0.06Te0.94,N_Te+Cl_Te,Extrinsic,Y,N$_{Te}$+Cl$_{Te}$,0.60,2.09,-595.91,-601.61,-599.59,-597.52,-594.97,-592.38,0.24,0.01,0.00,0.09,0.28,,4.72
CdSe0.06Te0.94,N_Te+Cl_i,Extrinsic,Y,N$_{Te}$+Cl$_{i}$,0.60,2.09,-595.91,-604.83,-602.55,-600.07,-597.41,-595.11,0.19,0.02,0.00,0.11,0.29,,8.25
CdSe0.06Te0.94,N_Te+N_i,Extrinsic,Y,N$_{Te}$+N$_{i}$,0.60,2.09,-595.91,-612.62,-609.96,-607.28,-603.96,-600.54,0.14,0.01,0.00,0.12,0.33,,14.55
CdSe0.06Te0.94,N_Te+O_Te,Extrinsic,Y,N$_{Te}$+O$_{Te}$,0.60,2.09,-595.91,-603.72,-601.72,-599.69,-597.64,-595.20,0.25,0.07,0.00,0.09,0.27,,8.29
CdSe0.06Te0.94,N_Te+O_i,Extrinsic,Y,N$_{Te}$+O$_{i}$,0.60,2.09,-595.91,-608.72,-606.31,-603.84,-601.21,-598.54,0.37,0.12,0.00,0.06,0.22,,11.81
CdSe0.06Te0.94,N_i,Extrinsic,Y,N$_{i}$,0.60,2.09,-595.91,-605.17,-603.30,-600.45,-598.22,-595.61,0.42,0.13,0.00,0.04,0.20,,8.54
CdSe0.06Te0.94,N_i+N_i,Extrinsic,Y,N$_{i}$+N$_{i}$,0.60,2.09,-595.91,-615.49,-613.36,0.00,-603.78,-605.75,0.19,0.06,0.00,0.10,0.26,,17.08
CdSe0.06Te0.94,N_i+Te_i,Extrinsic,Y,N$_{i}$+Te$_{i}$,0.60,2.09,-595.91,-608.93,-606.66,-603.77,-600.96,-591.97,0.20,0.04,0.00,0.09,0.22,,12.07
CdSe0.06Te0.94,O_i+As_Te+O_i,Extrinsic,Y,O$_{i}$+As$_{Te}$+O$_{i}$,0.60,2.09,-595.91,-610.80,-608.66,0.00,-604.30,-600.30,0.20,0.03,0.00,0.10,0.29,,16.89
CdSe0.06Te0.94,O_i+As_i+O_i,Extrinsic,Y,O$_{i}$+As$_{i}$+O$_{i}$,0.60,2.09,-595.91,-615.74,-613.57,-610.85,-608.08,-605.52,0.19,0.04,0.00,0.11,0.37,,18.82
CdSe0.06Te0.94,O_i+Bi_Te+O_i,Extrinsic,Y,O$_{i}$+Bi$_{Te}$+O$_{i}$,0.60,2.09,-595.91,-609.70,-607.51,-604.85,-603.01,-599.80,0.37,0.09,0.00,0.04,0.16,,14.89
CdSe0.06Te0.94,O_i+Bi_i+O_i,Extrinsic,Y,O$_{i}$+Bi$_{i}$+O$_{i}$,0.60,2.09,-595.91,-615.47,-613.26,0.00,-607.69,-604.09,0.33,0.15,0.00,-0.02,0.16,,17.92
CdSe0.06Te0.94,O_i+N_Te+O_i,Extrinsic,Y,O$_{i}$+N$_{Te}$+O$_{i}$,0.60,2.09,-595.91,-614.07,-611.89,-609.36,-604.96,-603.06,0.14,0.01,0.00,0.12,0.26,,17.42
CdSe0.06Te0.94,O_i+N_i+O_i,Extrinsic,Y,O$_{i}$+N$_{i}$+O$_{i}$,0.60,2.09,-595.91,-617.59,-615.44,-612.76,-610.54,-607.83,0.44,0.12,0.00,0.00,0.23,,22.42
CdSe0.06Te0.94,O_i+P_Te+O_i,Extrinsic,Y,O$_{i}$+P$_{Te}$+O$_{i}$,0.60,2.09,-595.91,-616.86,-614.71,-608.98,-604.30,-600.87,0.23,0.05,0.00,0.04,0.19,,16.89
CdSe0.06Te0.94,O_i+P_i+O_i,Extrinsic,Y,O$_{i}$+P$_{i}$+O$_{i}$,0.60,2.09,-595.91,-617.02,-614.84,-612.12,-609.34,-606.77,0.55,0.15,0.00,0.07,0.22,,19.47
CdSe0.06Te0.94,O_i+Sb_Te+O_i,Extrinsic,Y,O$_{i}$+Sb$_{Te}$+O$_{i}$,0.60,2.09,-595.91,-610.25,-608.07,-605.41,-603.61,-600.89,0.33,0.10,0.00,0.04,0.18,,16.89
CdSe0.06Te0.94,O_i+Sb_i+O_i,Extrinsic,Y,O$_{i}$+Sb$_{i}$+O$_{i}$,0.60,2.09,-595.91,-615.82,-613.61,-610.87,-608.05,-604.62,0.41,0.14,0.00,0.05,0.19,,18.17
CdSe0.06Te0.94,P_Se,Extrinsic,Y,P$_{Se}$,0.60,2.09,-595.91,-600.30,-598.19,0.00,-593.89,-591.22,0.33,0.07,0.00,-0.02,0.16,,1.60
CdSe0.06Te0.94,P_Te,Extrinsic,Y,P$_{Te}$,0.60,2.09,-595.91,-600.85,-598.77,-596.69,-594.52,-591.91,0.19,-0.01,0.00,0.13,0.26,,2.23
CdSe0.06Te0.94,P_Te+Cl_Te,Extrinsic,Y,P$_{Te}$+Cl$_{Te}$,0.60,2.09,-595.91,-600.38,-598.31,-596.23,-593.62,-590.96,0.33,0.10,0.00,0.06,0.27,,1.94
CdSe0.06Te0.94,P_Te+Cl_i,Extrinsic,Y,P$_{Te}$+Cl$_{i}$,0.60,2.09,-595.91,-603.69,-601.61,-598.56,-595.88,-594.08,0.24,0.02,0.00,0.10,0.31,,5.47
CdSe0.06Te0.94,P_Te+O_Te,Extrinsic,Y,P$_{Te}$+O$_{Te}$,0.60,2.09,-595.91,-602.71,-600.67,-598.62,-596.52,-594.02,0.14,0.01,0.00,0.11,0.32,,5.51
CdSe0.06Te0.94,P_Te+O_i,Extrinsic,Y,P$_{Te}$+O$_{i}$,0.60,2.09,-595.91,-607.85,-605.72,-603.54,-601.12,-598.46,0.37,0.12,0.00,0.06,0.23,,9.24
CdSe0.06Te0.94,P_Te+P_i,Extrinsic,Y,P$_{Te}$+P$_{i}$,0.60,2.09,-595.91,-606.05,-603.55,-601.16,-598.47,-595.72,0.20,0.04,0.00,0.10,0.27,,7.99
CdSe0.06Te0.94,P_i,Extrinsic,Y,P$_{i}$,0.60,2.09,-595.91,-604.04,-601.83,-599.14,-596.61,-593.89,0.54,0.15,0.00,-0.02,0.16,,5.76
CdSe0.06Te0.94,P_i+P_i,Extrinsic,Y,P$_{i}$+P$_{i}$,0.60,2.09,-595.91,-609.69,-607.03,-604.50,-601.76,-598.95,0.19,-0.01,0.00,0.14,0.43,,11.52
CdSe0.06Te0.94,P_i+Te_i,Extrinsic,Y,P$_{i}$+Te$_{i}$,0.60,2.09,-595.91,-607.06,-604.83,-602.16,-599.34,-590.27,0.31,0.09,0.00,0.10,0.26,,9.29
CdSe0.06Te0.94,Sb_Se,Extrinsic,Y,Sb$_{Se}$,0.60,2.09,-595.91,-599.06,-596.89,-594.71,-592.44,-589.76,0.30,0.07,0.00,0.06,0.24,,0.40
CdSe0.06Te0.94,Sb_Te,Extrinsic,Y,Sb$_{Te}$,0.60,2.09,-595.91,-599.61,-597.47,-595.33,-593.11,-590.42,0.19,0.04,0.00,0.12,0.31,,1.03
CdSe0.06Te0.94,Sb_Te+Cl_Te,Extrinsic,Y,Sb$_{Te}$+Cl$_{Te}$,0.60,2.09,-595.91,-599.07,-596.92,0.00,-592.15,-589.46,0.26,0.01,0.00,0.09,0.29,,0.74
CdSe0.06Te0.94,Sb_Te+Cl_i,Extrinsic,Y,Sb$_{Te}$+Cl$_{i}$,0.60,2.09,-595.91,-602.91,-600.37,-597.50,-594.80,-592.74,0.25,0.02,0.00,0.11,0.28,,4.27
CdSe0.06Te0.94,Sb_Te+O_Te,Extrinsic,Y,Sb$_{Te}$+O$_{Te}$,0.60,2.09,-595.91,-601.59,-599.51,-597.39,-595.19,-592.66,0.14,0.01,0.00,0.12,0.37,,4.31
CdSe0.06Te0.94,Sb_Te+O_i,Extrinsic,Y,Sb$_{Te}$+O$_{i}$,0.60,2.09,-595.91,-606.55,-604.06,-601.66,-598.87,-596.24,0.44,0.12,0.00,0.00,0.24,,8.04
CdSe0.06Te0.94,Sb_Te+Sb_i,Extrinsic,Y,Sb$_{Te}$+Sb$_{i}$,0.60,2.09,-595.91,-604.04,-601.32,-598.27,-595.53,-592.77,0.36,0.13,0.00,0.01,0.21,,5.60
CdSe0.06Te0.94,Sb_i,Extrinsic,Y,Sb$_{i}$,0.60,2.09,-595.91,-603.11,-600.57,-597.84,-595.16,-592.40,0.39,0.10,0.00,0.10,0.29,,4.56
CdSe0.06Te0.94,Sb_i+Sb_i,Extrinsic,Y,Sb$_{i}$+Sb$_{i}$,0.60,2.09,-595.91,-607.43,-604.61,-601.57,-598.66,-595.78,0.35,0.06,0.00,0.07,0.29,,9.13
CdSe0.06Te0.94,Sb_i+Te_i,Extrinsic,Y,Sb$_{i}$+Te$_{i}$,0.60,2.09,-595.91,-605.66,-603.64,-600.87,-598.01,-589.04,0.29,0.05,0.00,0.07,0.29,,8.09
CdSe0.12Te0.88,As_Se,Extrinsic,Y,As$_{Se}$,0.58,2.04,-599.70,-603.37,-601.31,-599.22,-597.09,-594.51,0.25,0.04,0.00,0.10,0.29,,1.00
CdSe0.12Te0.88,As_Se+As_i,Extrinsic,Y,As$_{Se}$+As$_{i}$,0.58,2.04,-599.70,-608.23,-605.62,-603.10,-600.45,-597.74,0.19,0.05,0.00,0.12,0.37,,6.16
CdSe0.12Te0.88,As_Se+Cl_Se,Extrinsic,Y,As$_{Se}$+Cl$_{Se}$,0.58,2.04,-599.70,-602.19,-600.11,-597.99,-595.41,-592.78,0.56,0.15,0.00,0.11,0.25,,0.07
CdSe0.12Te0.88,As_Se+Cl_i,Extrinsic,Y,As$_{Se}$+Cl$_{i}$,0.58,2.04,-599.70,-606.23,-604.15,-602.02,-599.40,-596.73,0.52,0.15,0.00,0.02,0.16,,4.23
CdSe0.12Te0.88,As_Se+O_Se,Extrinsic,Y,As$_{Se}$+O$_{Se}$,0.58,2.04,-599.70,-604.76,-602.72,-600.66,-598.56,-596.08,0.36,0.03,0.00,0.13,0.35,,3.64
CdSe0.12Te0.88,As_Se+O_i,Extrinsic,Y,As$_{Se}$+O$_{i}$,0.58,2.04,-599.70,-608.89,-606.77,-605.57,-603.03,-600.42,0.39,-0.01,0.00,0.10,0.30,,7.80
CdSe0.12Te0.88,As_Te,Extrinsic,Y,As$_{Te}$,0.58,2.04,-599.70,-603.92,-601.89,-599.84,-597.75,-595.19,0.34,0.04,0.00,0.10,0.27,,1.63
CdSe0.12Te0.88,As_Te+As_i,Extrinsic,Y,As$_{Te}$+As$_{i}$,0.58,2.04,-599.70,-608.68,-606.13,-603.64,-601.02,-598.35,0.39,0.01,0.00,0.12,0.31,,6.79
CdSe0.12Te0.88,As_Te+Cl_Te,Extrinsic,Y,As$_{Te}$+Cl$_{Te}$,0.58,2.04,-599.70,-603.44,-601.43,-599.39,-596.87,-594.30,0.34,-0.01,0.00,0.12,0.37,,1.34
CdSe0.12Te0.88,As_Te+Cl_i,Extrinsic,Y,As$_{Te}$+Cl$_{i}$,0.58,2.04,-599.70,-606.87,-604.82,-602.73,-600.14,-597.50,0.34,0.10,0.00,0.06,0.27,,4.87
CdSe0.12Te0.88,As_Te+O_Te,Extrinsic,Y,As$_{Te}$+O$_{Te}$,0.58,2.04,-599.70,-605.81,-603.83,-601.83,-599.79,-597.37,0.40,0.12,0.00,0.04,0.22,,4.91
CdSe0.12Te0.88,As_Te+O_i,Extrinsic,Y,As$_{Te}$+O$_{i}$,0.58,2.04,-599.70,-610.43,-608.37,-606.16,-603.68,-601.11,0.19,0.04,0.00,0.11,0.33,,8.64
CdSe0.12Te0.88,As_i,Extrinsic,Y,As$_{i}$,0.58,2.04,-599.70,-607.47,-605.20,-602.57,-599.92,-597.19,0.25,0.01,0.00,0.09,0.29,,5.16
CdSe0.12Te0.88,As_i+As_i,Extrinsic,Y,As$_{i}$+As$_{i}$,0.58,2.04,-599.70,-612.03,-609.55,-607.10,-604.43,-601.61,0.19,0.02,0.00,0.11,0.29,,10.32
CdSe0.12Te0.88,As_i+Se_i,Extrinsic,Y,As$_{i}$+Se$_{i}$,0.58,2.04,-599.70,-610.97,-608.82,-606.18,-603.46,-600.74,0.14,0.01,0.00,0.12,0.33,,9.32
CdSe0.12Te0.88,As_i+Te_i,Extrinsic,Y,As$_{i}$+Te$_{i}$,0.58,2.04,-599.70,-610.35,-608.16,-605.57,-603.08,-599.43,0.25,0.07,0.00,0.09,0.27,,8.69
CdSe0.12Te0.88,Bi_Se,Extrinsic,Y,Bi$_{Se}$,0.58,2.04,-599.70,-602.21,-600.07,-597.87,-595.57,-592.95,0.37,0.12,0.00,0.06,0.23,,0.15
CdSe0.12Te0.88,Bi_Se+Bi_i,Extrinsic,Y,Bi$_{Se}$+Bi$_{i}$,0.58,2.04,-599.70,-606.65,-603.97,-601.24,-598.09,-595.13,0.43,0.13,0.00,0.04,0.21,,4.46
CdSe0.12Te0.88,Bi_Se+Cl_Se,Extrinsic,Y,Bi$_{Se}$+Cl$_{Se}$,0.58,2.04,-599.70,-600.97,-598.78,-596.50,-593.89,-591.23,0.19,0.06,0.00,0.10,0.26,,-0.78
CdSe0.12Te0.88,Bi_Se+Cl_i,Extrinsic,Y,Bi$_{Se}$+Cl$_{i}$,0.58,2.04,-599.70,-605.71,-603.12,-600.87,-598.22,-595.52,0.21,0.04,0.00,0.09,0.22,,3.38
CdSe0.12Te0.88,Bi_Se+O_Se,Extrinsic,Y,Bi$_{Se}$+O$_{Se}$,0.58,2.04,-599.70,-603.62,-601.50,-599.33,-597.05,-594.55,0.20,0.03,0.00,0.10,0.29,,2.79
CdSe0.12Te0.88,Bi_Se+O_i,Extrinsic,Y,Bi$_{Se}$+O$_{i}$,0.58,2.04,-599.70,-608.09,-605.58,-604.30,-601.24,-598.59,0.19,0.04,0.00,0.11,0.37,,6.95
CdSe0.12Te0.88,Bi_Te,Extrinsic,Y,Bi$_{Te}$,0.58,2.04,-599.70,-602.79,-600.68,-598.52,-596.26,-593.67,0.37,0.09,0.00,0.04,0.16,,0.78
CdSe0.12Te0.88,Bi_Te+Bi_i,Extrinsic,Y,Bi$_{Te}$+Bi$_{i}$,0.58,2.04,-599.70,-607.15,-604.51,-601.82,-598.78,-595.98,0.34,0.16,0.00,-0.02,0.16,,5.09
CdSe0.12Te0.88,Bi_Te+Cl_Te,Extrinsic,Y,Bi$_{Te}$+Cl$_{Te}$,0.58,2.04,-599.70,-602.17,-600.09,-597.94,-595.39,-592.79,0.15,0.01,0.00,0.12,0.26,,0.49
CdSe0.12Te0.88,Bi_Te+Cl_i,Extrinsic,Y,Bi$_{Te}$+Cl$_{i}$,0.58,2.04,-599.70,-606.41,-603.84,-601.60,-598.98,-596.31,0.44,0.12,0.00,0.00,0.24,,4.02
CdSe0.12Te0.88,Bi_Te+O_Te,Extrinsic,Y,Bi$_{Te}$+O$_{Te}$,0.58,2.04,-599.70,-604.83,-602.79,-600.68,-598.44,-595.98,0.24,0.05,0.00,0.04,0.19,,4.06
CdSe0.12Te0.88,Bi_Te+O_i,Extrinsic,Y,Bi$_{Te}$+O$_{i}$,0.58,2.04,-599.70,-609.73,-607.38,-604.96,-602.30,-599.44,0.56,0.16,0.00,0.07,0.23,,7.79
CdSe0.12Te0.88,Bi_i,Extrinsic,Y,Bi$_{i}$,0.58,2.04,-599.70,-606.92,-604.19,-601.56,-598.86,-595.96,0.34,0.10,0.00,0.04,0.18,,4.31
CdSe0.12Te0.88,Bi_i+Bi_i,Extrinsic,Y,Bi$_{i}$+Bi$_{i}$,0.58,2.04,-599.70,-610.64,-607.94,-605.39,-602.35,-599.31,0.42,0.15,0.00,0.05,0.20,,8.62
CdSe0.12Te0.88,Bi_i+Se_i,Extrinsic,Y,Bi$_{i}$+Se$_{i}$,0.58,2.04,-599.70,-610.40,-608.13,-605.46,-602.66,-599.62,0.34,0.07,0.00,-0.02,0.16,,8.47
CdSe0.12Te0.88,Bi_i+Te_i,Extrinsic,Y,Bi$_{i}$+Te$_{i}$,0.58,2.04,-599.70,-610.18,-607.02,-604.58,-601.64,-598.16,0.19,-0.01,0.00,0.13,0.26,,7.84
CdSe0.12Te0.88,N_Se,Extrinsic,Y,N$_{Se}$,0.58,2.04,-599.70,-605.15,-603.13,-601.09,-599.02,-596.48,0.34,0.10,0.00,0.06,0.27,,4.38
CdSe0.12Te0.88,N_Se+Cl_Se,Extrinsic,Y,N$_{Se}$+Cl$_{Se}$,0.58,2.04,-599.70,-603.99,-601.96,-599.89,-597.36,-594.79,0.25,0.02,0.00,0.10,0.31,,3.45
CdSe0.12Te0.88,N_Se+Cl_i,Extrinsic,Y,N$_{Se}$+Cl$_{i}$,0.58,2.04,-599.70,-607.76,-605.36,-603.61,-601.02,-598.38,0.15,0.01,0.00,0.11,0.32,,7.61
CdSe0.12Te0.88,N_Se+N_i,Extrinsic,Y,N$_{Se}$+N$_{i}$,0.58,2.04,-599.70,-615.68,-613.07,-610.42,-607.16,-604.41,0.37,0.12,0.00,0.06,0.24,,12.91
CdSe0.12Te0.88,N_Se+O_Se,Extrinsic,Y,N$_{Se}$+O$_{Se}$,0.58,2.04,-599.70,-606.51,-604.51,-602.50,-600.44,-598.02,0.21,0.04,0.00,0.10,0.27,,7.02
CdSe0.12Te0.88,N_Se+O_i,Extrinsic,Y,N$_{Se}$+O$_{i}$,0.58,2.04,-599.70,-611.51,-609.39,-606.92,-604.43,-601.83,0.55,0.16,0.00,-0.02,0.16,,11.18
CdSe0.12Te0.88,N_Te,Extrinsic,Y,N$_{Te}$,0.58,2.04,-599.70,-605.65,-603.65,-601.64,-599.59,-597.09,0.19,-0.01,0.00,0.14,0.43,,5.01
CdSe0.12Te0.88,N_Te+Cl_Te,Extrinsic,Y,N$_{Te}$+Cl$_{Te}$,0.58,2.04,-599.70,-605.27,-603.29,-601.28,-598.82,-596.31,0.31,0.09,0.00,0.10,0.26,,4.72
CdSe0.12Te0.88,N_Te+Cl_i,Extrinsic,Y,N$_{Te}$+Cl$_{i}$,0.58,2.04,-599.70,-608.36,-606.33,-604.27,-601.71,-599.10,0.29,0.07,0.00,0.06,0.23,,8.25
CdSe0.12Te0.88,N_Te+N_i,Extrinsic,Y,N$_{Te}$+N$_{i}$,0.58,2.04,-599.70,-616.30,-613.71,-611.12,-607.84,-605.10,0.19,0.04,0.00,0.12,0.31,,13.55
CdSe0.12Te0.88,N_Te+O_Te,Extrinsic,Y,N$_{Te}$+O$_{Te}$,0.58,2.04,-599.70,-607.54,-605.60,-603.64,-601.64,-599.08,0.25,0.01,0.00,0.09,0.29,,8.29
CdSe0.12Te0.88,N_Te+O_i,Extrinsic,Y,N$_{Te}$+O$_{i}$,0.58,2.04,-599.70,-612.08,-610.00,-607.58,-604.96,-602.48,0.24,0.02,0.00,0.11,0.28,,11.81
CdSe0.12Te0.88,N_i,Extrinsic,Y,N$_{i}$,0.58,2.04,-599.70,-608.92,-606.93,-604.17,-601.42,-599.63,0.14,0.01,0.00,0.12,0.36,,8.54
CdSe0.12Te0.88,N_i+N_i,Extrinsic,Y,N$_{i}$+N$_{i}$,0.58,2.04,-599.70,-619.19,-616.71,-614.47,-611.85,-609.19,0.43,0.12,0.00,0.00,0.23,,17.08
CdSe0.12Te0.88,N_i+Se_i,Extrinsic,Y,N$_{i}$+Se$_{i}$,0.58,2.04,-599.70,-611.80,-609.66,-608.70,-605.92,-603.06,0.35,0.13,0.00,0.01,0.20,,12.70
CdSe0.12Te0.88,N_i+Te_i,Extrinsic,Y,N$_{i}$+Te$_{i}$,0.58,2.04,-599.70,-611.11,-610.43,-607.96,-605.05,-601.98,0.39,0.10,0.00,0.10,0.28,,12.07
CdSe0.12Te0.88,O_i+As_Se+O_i,Extrinsic,Y,O$_{i}$+As$_{Se}$+O$_{i}$,0.58,2.04,-599.70,-614.31,-613.15,-610.79,-608.43,-605.63,0.35,0.06,0.00,0.07,0.28,,14.42
CdSe0.12Te0.88,O_i+As_Te+O_i,Extrinsic,Y,O$_{i}$+As$_{Te}$+O$_{i}$,0.58,2.04,-599.70,-618.41,-616.33,-613.51,-610.93,-608.30,0.29,0.05,0.00,0.07,0.28,,15.45
CdSe0.12Te0.88,O_i+As_i+O_i,Extrinsic,Y,O$_{i}$+As$_{i}$+O$_{i}$,0.58,2.04,-599.70,-587.97,-615.51,-613.39,-611.21,-608.57,0.24,0.04,0.00,0.10,0.29,,18.77
CdSe0.12Te0.88,O_i+Bi_Se+O_i,Extrinsic,Y,O$_{i}$+Bi$_{Se}$+O$_{i}$,0.58,2.04,-599.70,-613.35,-612.18,-609.49,-606.86,-604.21,0.19,0.05,0.00,0.12,0.36,,13.46
CdSe0.12Te0.88,O_i+Bi_Te+O_i,Extrinsic,Y,O$_{i}$+Bi$_{Te}$+O$_{i}$,0.58,2.04,-599.70,-616.57,-614.79,-611.86,-609.22,-606.60,0.55,0.15,0.00,0.11,0.25,,13.39
CdSe0.12Te0.88,O_i+Bi_i+O_i,Extrinsic,Y,O$_{i}$+Bi$_{i}$+O$_{i}$,0.58,2.04,-599.70,-587.85,-615.60,-612.61,-610.18,-607.29,0.51,0.14,0.00,0.02,0.16,,17.92
CdSe0.12Te0.88,O_i+N_Se+O_i,Extrinsic,Y,O$_{i}$+N$_{Se}$+O$_{i}$,0.58,2.04,-599.70,-615.88,-614.77,-612.22,-609.80,-607.40,0.35,0.03,0.00,0.13,0.34,,17.99
CdSe0.12Te0.88,O_i+N_Te+O_i,Extrinsic,Y,O$_{i}$+N$_{Te}$+O$_{i}$,0.58,2.04,-599.70,-620.13,-618.09,-615.46,-612.83,-609.82,0.39,-0.01,0.00,0.10,0.30,,18.42
CdSe0.12Te0.88,O_i+N_i+O_i,Extrinsic,Y,O$_{i}$+N$_{i}$+O$_{i}$,0.58,2.04,-599.70,-590.47,-617.48,-615.34,-613.13,-611.83,0.33,0.04,0.00,0.10,0.26,,22.15
CdSe0.12Te0.88,O_i+P_Se+O_i,Extrinsic,Y,O$_{i}$+P$_{Se}$+O$_{i}$,0.58,2.04,-599.70,-615.57,-614.24,-612.13,-609.72,-607.06,0.39,0.01,0.00,0.12,0.31,,15.97
CdSe0.12Te0.88,O_i+P_Te+O_i,Extrinsic,Y,O$_{i}$+P$_{Te}$+O$_{i}$,0.58,2.04,-599.70,-620.67,-618.59,-615.99,-613.33,-610.57,0.33,-0.01,0.00,0.12,0.36,,16.89
CdSe0.12Te0.88,O_i+P_i+O_i,Extrinsic,Y,O$_{i}$+P$_{i}$+O$_{i}$,0.58,2.04,-599.70,-589.44,-615.99,-613.88,-611.70,-610.96,0.34,0.10,0.00,0.06,0.26,,19.37
CdSe0.12Te0.88,O_i+Sb_Se+O_i,Extrinsic,Y,O$_{i}$+Sb$_{Se}$+O$_{i}$,0.58,2.04,-599.70,-613.80,-612.87,-609.96,-607.26,-604.84,0.40,0.12,0.00,0.04,0.21,,15.87
CdSe0.12Te0.88,O_i+Sb_Te+O_i,Extrinsic,Y,O$_{i}$+Sb$_{Te}$+O$_{i}$,0.58,2.04,-599.70,-617.33,-615.44,-612.74,-609.83,-607.19,0.19,0.04,0.00,0.11,0.32,,16.89
CdSe0.12Te0.88,O_i+Sb_i+O_i,Extrinsic,Y,O$_{i}$+Sb$_{i}$+O$_{i}$,0.58,2.04,-599.70,-587.22,-615.62,-612.79,-610.47,-607.74,0.24,0.01,0.00,0.09,0.28,,18.17
CdSe0.12Te0.88,P_Se,Extrinsic,Y,P$_{Se}$,0.58,2.04,-599.70,-603.98,-601.93,-599.85,-597.73,-595.14,0.19,0.02,0.00,0.11,0.29,,1.60
CdSe0.12Te0.88,P_Se+Cl_Se,Extrinsic,Y,P$_{Se}$+Cl$_{Se}$,0.58,2.04,-599.70,-602.81,-600.74,-598.63,-596.04,-593.41,0.14,0.01,0.00,0.12,0.32,,0.67
CdSe0.12Te0.88,P_Se+Cl_i,Extrinsic,Y,P$_{Se}$+Cl$_{i}$,0.58,2.04,-599.70,-606.84,-604.76,-602.64,-599.27,-597.33,0.25,0.07,0.00,0.09,0.26,,4.84
CdSe0.12Te0.88,P_Se+O_Se,Extrinsic,Y,P$_{Se}$+O$_{Se}$,0.58,2.04,-599.70,-605.36,-603.33,-601.28,-599.19,-596.70,0.37,0.12,0.00,0.06,0.22,,4.24
CdSe0.12Te0.88,P_Se+O_i,Extrinsic,Y,P$_{Se}$+O$_{i}$,0.58,2.04,-599.70,-609.78,-607.65,-606.68,-604.32,-601.70,0.42,0.13,0.00,0.04,0.20,,8.41
CdSe0.12Te0.88,P_Se+P_i,Extrinsic,Y,P$_{Se}$+P$_{i}$,0.58,2.04,-599.70,-609.17,-606.70,-604.33,-601.68,-598.98,0.19,0.06,0.00,0.10,0.25,,7.36
CdSe0.12Te0.88,P_Te,Extrinsic,Y,P$_{Te}$,0.58,2.04,-599.70,-604.52,-602.50,-600.45,-598.37,-595.81,0.20,0.04,0.00,0.09,0.22,,2.23
CdSe0.12Te0.88,P_Te+Cl_Te,Extrinsic,Y,P$_{Te}$+Cl$_{Te}$,0.58,2.04,-599.70,-604.06,-602.06,-600.02,-597.49,-594.92,0.20,0.03,0.00,0.10,0.28,,1.94
CdSe0.12Te0.88,P_Te+Cl_i,Extrinsic,Y,P$_{Te}$+Cl$_{i}$,0.58,2.04,-599.70,-607.48,-605.42,-603.33,-600.74,-598.09,0.19,0.04,0.00,0.11,0.36,,5.47
CdSe0.12Te0.88,P_Te+O_Te,Extrinsic,Y,P$_{Te}$+O$_{Te}$,0.58,2.04,-599.70,-606.37,-604.39,-602.40,-600.37,-597.94,0.37,0.09,0.00,0.04,0.16,,5.51
CdSe0.12Te0.88,P_Te+O_i,Extrinsic,Y,P$_{Te}$+O$_{i}$,0.58,2.04,-599.70,-611.49,-609.46,-607.36,-604.96,-602.37,0.33,0.15,0.00,-0.02,0.16,,9.24
CdSe0.12Te0.88,P_Te+P_i,Extrinsic,Y,P$_{Te}$+P$_{i}$,0.58,2.04,-599.70,-609.65,-607.33,-605.07,-602.45,-599.77,0.14,0.01,0.00,0.12,0.25,,7.99
CdSe0.12Te0.88,P_i,Extrinsic,Y,P$_{i}$,0.58,2.04,-599.70,-607.68,-605.62,-602.95,-600.41,-597.70,0.44,0.12,0.00,0.00,0.23,,5.76
CdSe0.12Te0.88,P_i+P_i,Extrinsic,Y,P$_{i}$+P$_{i}$,0.58,2.04,-599.70,-613.31,-610.80,-608.10,-605.63,-602.80,0.23,0.05,0.00,0.04,0.19,,11.52
CdSe0.12Te0.88,P_i+Se_i,Extrinsic,Y,P$_{i}$+Se$_{i}$,0.58,2.04,-599.70,-611.49,-609.34,-606.71,-604.03,-601.27,0.54,0.15,0.00,0.07,0.22,,9.92
CdSe0.12Te0.88,P_i+Te_i,Extrinsic,Y,P$_{i}$+Te$_{i}$,0.58,2.04,-599.70,-610.87,-608.74,-606.11,-603.51,-599.93,0.33,0.10,0.00,0.04,0.18,,9.29
CdSe0.12Te0.88,Sb_Se,Extrinsic,Y,Sb$_{Se}$,0.58,2.04,-599.70,-602.73,-600.62,-598.47,-596.26,-593.64,0.41,0.14,0.00,0.05,0.19,,0.40
CdSe0.12Te0.88,Sb_Se+Cl_Se,Extrinsic,Y,Sb$_{Se}$+Cl$_{Se}$,0.58,2.04,-599.70,-601.53,-599.38,-597.18,-594.57,-591.91,0.33,0.07,0.00,-0.02,0.16,,-0.52
CdSe0.12Te0.88,Sb_Se+Cl_i,Extrinsic,Y,Sb$_{Se}$+Cl$_{i}$,0.58,2.04,-599.70,-605.65,-603.52,-601.34,-598.70,-595.99,0.19,-0.01,0.00,0.13,0.25,,3.64
CdSe0.12Te0.88,Sb_Se+O_Se,Extrinsic,Y,Sb$_{Se}$+O$_{Se}$,0.58,2.04,-599.70,-604.14,-602.05,-599.92,-597.73,-595.23,0.33,0.10,0.00,0.06,0.26,,3.04
CdSe0.12Te0.88,Sb_Se+O_i,Extrinsic,Y,Sb$_{Se}$+O$_{i}$,0.58,2.04,-599.70,-608.53,-606.20,-604.73,-602.14,-599.50,0.24,0.02,0.00,0.10,0.30,,7.21
CdSe0.12Te0.88,Sb_Se+Sb_i,Extrinsic,Y,Sb$_{Se}$+Sb$_{i}$,0.58,2.04,-599.70,-607.14,-604.47,-601.74,-598.76,-595.95,0.14,0.01,0.00,0.11,0.31,,4.96
CdSe0.12Te0.88,Sb_Te,Extrinsic,Y,Sb$_{Te}$,0.58,2.04,-599.70,-603.30,-601.22,-599.11,-596.94,-594.35,0.37,0.12,0.00,0.06,0.23,,1.03
CdSe0.12Te0.88,Sb_Te+Cl_Te,Extrinsic,Y,Sb$_{Te}$+Cl$_{Te}$,0.58,2.04,-599.70,-602.74,-600.69,-598.60,-596.04,-593.44,0.20,0.04,0.00,0.10,0.26,,0.74
CdSe0.12Te0.88,Sb_Te+Cl_i,Extrinsic,Y,Sb$_{Te}$+Cl$_{i}$,0.58,2.04,-599.70,-606.31,-604.21,-602.07,-599.45,-596.77,0.54,0.15,0.00,-0.02,0.16,,4.27
CdSe0.12Te0.88,Sb_Te+O_Te,Extrinsic,Y,Sb$_{Te}$+O$_{Te}$,0.58,2.04,-599.70,-605.27,-603.25,-601.20,-599.06,-596.60,0.19,-0.01,0.00,0.14,0.43,,4.31
CdSe0.12Te0.88,Sb_Te+O_i,Extrinsic,Y,Sb$_{Te}$+O$_{i}$,0.58,2.04,-599.70,-610.27,-608.18,-605.32,-602.82,-600.21,0.30,0.09,0.00,0.10,0.25,,8.04
CdSe0.12Te0.88,Sb_Te+Sb_i,Extrinsic,Y,Sb$_{Te}$+Sb$_{i}$,0.58,2.04,-599.70,-536.27,-532.34,-528.39,-524.43,-520.44,0.29,0.07,0.00,0.06,0.23,,5.60
CdSe0.12Te0.88,Sb_i,Extrinsic,Y,Sb$_{i}$,0.58,2.04,-599.70,-606.94,-604.38,-601.65,-598.95,-596.24,0.19,0.04,0.00,0.12,0.31,,4.56
CdSe0.12Te0.88,Sb_i+Sb_i,Extrinsic,Y,Sb$_{i}$+Sb$_{i}$,0.58,2.04,-599.70,-610.65,-608.02,-605.79,-602.85,-599.95,0.25,0.01,0.00,0.09,0.29,,9.13
CdSe0.12Te0.88,Sb_i+Se_i,Extrinsic,Y,Sb$_{i}$+Se$_{i}$,0.58,2.04,-599.70,-610.53,-608.32,-605.65,-602.86,-599.90,0.24,0.02,0.00,0.11,0.28,,8.72
CdSe0.12Te0.88,Sb_i+Te_i,Extrinsic,Y,Sb$_{i}$+Te$_{i}$,0.58,2.04,-599.70,-610.22,-607.41,-604.82,-601.79,-598.52,0.14,0.01,0.00,0.12,0.36,,8.09
CdSe0.20Te0.80,As_Se,Extrinsic,Y,As$_{Se}$,0.53,1.96,-605.47,-608.97,-607.00,-604.99,-602.94,-600.47,0.43,0.12,0.00,0.00,0.23,,1.00
CdSe0.20Te0.80,As_Se+As_i,Extrinsic,Y,As$_{Se}$+As$_{i}$,0.53,1.96,-605.47,-611.07,-608.53,-605.93,-606.44,-600.41,0.35,0.13,0.00,0.01,0.20,,6.16
CdSe0.20Te0.80,As_Se+Cl_Se,Extrinsic,Y,As$_{Se}$+Cl$_{Se}$,0.53,1.96,-605.47,-607.89,-605.91,0.00,-601.43,-598.91,0.39,0.10,0.00,0.10,0.28,,0.08
CdSe0.20Te0.80,As_Se+Cl_i,Extrinsic,Y,As$_{Se}$+Cl$_{i}$,0.53,1.96,-605.47,-608.81,-606.38,-604.18,-601.40,-598.99,0.35,0.06,0.00,0.07,0.28,,4.24
CdSe0.20Te0.80,As_Se+O_Se,Extrinsic,Y,As$_{Se}$+O$_{Se}$,0.53,1.96,-605.47,-610.34,-608.39,-606.42,-604.39,-602.02,0.29,0.05,0.00,0.07,0.28,,3.65
CdSe0.20Te0.80,As_Se+O_i,Extrinsic,Y,As$_{Se}$+O$_{i}$,0.53,1.96,-605.47,-615.52,-613.52,-611.22,-608.74,-606.30,0.24,0.04,0.00,0.10,0.29,,7.81
CdSe0.20Te0.80,As_Te+As_i,Extrinsic,Y,As$_{Te}$+As$_{i}$,0.53,1.96,-605.47,-614.31,-611.92,-609.55,-607.04,-604.48,0.19,0.05,0.00,0.12,0.36,,6.79
CdSe0.20Te0.80,As_Te+Cl_Te,Extrinsic,Y,As$_{Te}$+Cl$_{Te}$,0.53,1.96,-605.47,-609.10,-607.17,-605.20,-602.80,-600.35,0.55,0.15,0.00,0.11,0.25,,1.34
CdSe0.20Te0.80,As_Te+Cl_i,Extrinsic,Y,As$_{Te}$+Cl$_{i}$,0.53,1.96,-605.47,-612.49,-610.33,-608.52,-605.85,-603.51,0.51,0.14,0.00,0.02,0.16,,4.87
CdSe0.20Te0.80,As_Te+O_Te,Extrinsic,Y,As$_{Te}$+O$_{Te}$,0.53,1.96,-605.47,-611.49,-609.60,-607.68,-605.71,-603.40,0.35,0.03,0.00,0.13,0.34,,4.91
CdSe0.20Te0.80,As_Te+O_i,Extrinsic,Y,As$_{Te}$+O$_{i}$,0.53,1.96,-605.47,-616.01,-614.00,-611.90,-609.61,-607.11,0.39,-0.01,0.00,0.10,0.30,,8.64
CdSe0.20Te0.80,As_i,Extrinsic,Y,As$_{i}$,0.53,1.96,-605.47,-612.82,-610.77,-608.16,-605.86,-603.16,0.33,0.04,0.00,0.10,0.26,,5.16
CdSe0.20Te0.80,As_i+As_i,Extrinsic,Y,As$_{i}$+As$_{i}$,0.53,1.96,-605.47,-618.05,-615.19,-612.96,-610.29,-607.56,0.39,0.01,0.00,0.12,0.31,,10.32
CdSe0.20Te0.80,As_i+Se_i,Extrinsic,Y,As$_{i}$+Se$_{i}$,0.53,1.96,-605.47,-610.58,-608.03,-605.57,-609.50,-599.79,0.33,-0.01,0.00,0.12,0.36,,9.32
CdSe0.20Te0.80,As_i+Te_i,Extrinsic,Y,As$_{i}$+Te$_{i}$,0.53,1.96,-605.47,-616.00,-613.79,-611.23,-608.35,-605.28,0.34,0.10,0.00,0.06,0.26,,8.69
CdSe0.20Te0.80,Bi_Se,Extrinsic,Y,Bi$_{Se}$,0.53,1.96,-605.47,-607.83,-605.78,-603.67,-601.39,-598.89,0.40,0.12,0.00,0.04,0.21,,0.15
CdSe0.20Te0.80,Bi_Se+Bi_i,Extrinsic,Y,Bi$_{Se}$+Bi$_{i}$,0.53,1.96,-605.47,-610.65,-608.04,-605.39,-604.14,-600.72,0.19,0.04,0.00,0.11,0.32,,4.46
CdSe0.20Te0.80,Bi_Se+Cl_Se,Extrinsic,Y,Bi$_{Se}$+Cl$_{Se}$,0.53,1.96,-605.47,-606.64,-604.56,-602.38,-599.89,-597.34,0.24,0.01,0.00,0.09,0.28,,-0.77
CdSe0.20Te0.80,Bi_Se+Cl_i,Extrinsic,Y,Bi$_{Se}$+Cl$_{i}$,0.53,1.96,-605.47,-608.31,-605.61,-603.05,-600.52,-597.97,0.19,0.02,0.00,0.11,0.29,,3.39
CdSe0.20Te0.80,Bi_Se+O_Se,Extrinsic,Y,Bi$_{Se}$+O$_{Se}$,0.53,1.96,-605.47,-609.34,-607.32,-605.21,-602.97,-600.56,0.14,0.01,0.00,0.12,0.32,,2.80
CdSe0.20Te0.80,Bi_Se+O_i,Extrinsic,Y,Bi$_{Se}$+O$_{i}$,0.53,1.96,-605.47,-614.62,-612.57,-610.12,-607.45,-604.89,0.25,0.07,0.00,0.09,0.26,,6.95
CdSe0.20Te0.80,Bi_Te+Bi_i,Extrinsic,Y,Bi$_{Te}$+Bi$_{i}$,0.53,1.96,-605.47,-613.13,-610.58,-608.03,-604.76,-601.84,0.37,0.12,0.00,0.06,0.22,,5.09
CdSe0.20Te0.80,Bi_Te+Cl_Te,Extrinsic,Y,Bi$_{Te}$+Cl$_{Te}$,0.53,1.96,-605.47,-607.83,-605.79,-603.71,-601.27,-598.79,0.42,0.13,0.00,0.04,0.20,,0.49
CdSe0.20Te0.80,Bi_Te+Cl_i,Extrinsic,Y,Bi$_{Te}$+Cl$_{i}$,0.53,1.96,-605.47,-611.97,-609.38,-607.37,-604.67,-602.29,0.19,0.06,0.00,0.10,0.25,,4.02
CdSe0.20Te0.80,Bi_Te+O_Te,Extrinsic,Y,Bi$_{Te}$+O$_{Te}$,0.53,1.96,-605.47,-610.49,-608.53,-606.49,-604.30,-601.95,0.20,0.04,0.00,0.09,0.22,,4.06
CdSe0.20Te0.80,Bi_Te+O_i,Extrinsic,Y,Bi$_{Te}$+O$_{i}$,0.53,1.96,-605.47,-615.26,-612.56,-610.66,-607.86,-605.30,0.20,0.03,0.00,0.10,0.28,,7.79
CdSe0.20Te0.80,Bi_i,Extrinsic,Y,Bi$_{i}$,0.53,1.96,-605.47,-612.25,-609.97,-607.32,-604.70,-602.03,0.19,0.04,0.00,0.11,0.36,,4.31
CdSe0.20Te0.80,Bi_i+Bi_i,Extrinsic,Y,Bi$_{i}$+Bi$_{i}$,0.53,1.96,-605.47,-616.06,-613.56,-610.83,-608.25,-605.37,0.37,0.09,0.00,0.04,0.16,,8.62
CdSe0.20Te0.80,Bi_i+Se_i,Extrinsic,Y,Bi$_{i}$+Se$_{i}$,0.53,1.96,-605.47,-611.07,-607.12,-605.81,-608.07,-600.41,0.33,0.15,0.00,-0.02,0.16,,8.47
CdSe0.20Te0.80,Bi_i+Te_i,Extrinsic,Y,Bi$_{i}$+Te$_{i}$,0.53,1.96,-605.47,-615.76,-612.85,-610.26,-607.34,-604.04,0.14,0.01,0.00,0.12,0.25,,7.84
CdSe0.20Te0.80,N_Se,Extrinsic,Y,N$_{Se}$,0.53,1.96,-605.47,-610.75,-608.82,-606.86,-604.87,-602.45,0.44,0.12,0.00,0.00,0.23,,4.38
CdSe0.20Te0.80,N_Se+Cl_Se,Extrinsic,Y,N$_{Se}$+Cl$_{Se}$,0.53,1.96,-605.47,-609.83,-607.88,-605.91,-603.49,-601.03,0.23,0.05,0.00,0.04,0.19,,3.45
CdSe0.20Te0.80,N_Se+Cl_i,Extrinsic,Y,N$_{Se}$+Cl$_{i}$,0.53,1.96,-605.47,-610.27,-608.25,-605.85,-603.29,-600.66,0.54,0.15,0.00,0.07,0.22,,7.61
CdSe0.20Te0.80,N_Se+N_i,Extrinsic,Y,N$_{Se}$+N$_{i}$,0.53,1.96,-605.47,-614.59,-612.12,-609.35,-613.02,-604.54,0.33,0.10,0.00,0.04,0.18,,12.92
CdSe0.20Te0.80,N_Se+O_Se,Extrinsic,Y,N$_{Se}$+O$_{Se}$,0.53,1.96,-605.47,-611.96,-610.05,-608.12,-606.16,-603.84,0.41,0.14,0.00,0.05,0.19,,7.02
CdSe0.20Te0.80,N_Se+O_i,Extrinsic,Y,N$_{Se}$+O$_{i}$,0.53,1.96,-605.47,-617.12,-615.11,-612.78,-610.31,-607.81,0.33,0.07,0.00,-0.02,0.16,,11.18
CdSe0.20Te0.80,N_Te+Cl_Te,Extrinsic,Y,N$_{Te}$+Cl$_{Te}$,0.53,1.96,-605.47,-610.98,-609.08,-607.14,-604.80,-602.40,0.19,-0.01,0.00,0.13,0.25,,4.72
CdSe0.20Te0.80,N_Te+Cl_i,Extrinsic,Y,N$_{Te}$+Cl$_{i}$,0.53,1.96,-605.47,-614.01,-611.89,-610.10,-607.46,-605.15,0.33,0.10,0.00,0.06,0.26,,8.25
CdSe0.20Te0.80,N_Te+N_i,Extrinsic,Y,N$_{Te}$+N$_{i}$,0.53,1.96,-605.47,-621.88,-619.41,-616.96,-613.77,-610.49,0.24,0.02,0.00,0.10,0.30,,13.55
CdSe0.20Te0.80,N_Te+O_Te,Extrinsic,Y,N$_{Te}$+O$_{Te}$,0.53,1.96,-605.47,-613.09,-611.38,-609.50,-607.59,-605.19,0.14,0.01,0.00,0.11,0.31,,8.29
CdSe0.20Te0.80,N_Te+O_i,Extrinsic,Y,N$_{Te}$+O$_{i}$,0.53,1.96,-605.47,-617.77,-615.44,-613.40,-611.03,-608.66,0.37,0.12,0.00,0.06,0.23,,11.81
CdSe0.20Te0.80,N_i,Extrinsic,Y,N$_{i}$,0.53,1.96,-605.47,-614.88,-612.54,-610.34,-608.23,-605.47,0.20,0.04,0.00,0.10,0.26,,8.54
CdSe0.20Te0.80,N_i+N_i,Extrinsic,Y,N$_{i}$+N$_{i}$,0.53,1.96,-605.47,-624.62,-622.21,-620.00,-618.15,-615.60,0.54,0.15,0.00,-0.02,0.16,,17.08
CdSe0.20Te0.80,N_i+Se_i,Extrinsic,Y,N$_{i}$+Se$_{i}$,0.53,1.96,-605.47,-612.02,-609.91,-607.13,-610.90,-601.39,0.19,-0.01,0.00,0.14,0.43,,12.70
CdSe0.20Te0.80,N_i+Te_i,Extrinsic,Y,N$_{i}$+Te$_{i}$,0.53,1.96,-605.47,-617.58,-616.07,-613.54,-611.15,-607.76,0.30,0.09,0.00,0.10,0.25,,12.07
CdSe0.20Te0.80,O_i+As_Se+O_i,Extrinsic,Y,O$_{i}$+As$_{Se}$+O$_{i}$,0.53,1.96,-605.47,-623.15,-621.14,-618.67,-616.13,-613.63,0.30,0.07,0.00,0.06,0.24,,14.61
CdSe0.20Te0.80,O_i+As_Te+O_i,Extrinsic,Y,O$_{i}$+As$_{Te}$+O$_{i}$,0.53,1.96,-605.47,-623.82,-621.83,-619.22,-616.75,-614.28,0.19,0.04,0.00,0.12,0.31,,15.45
CdSe0.20Te0.80,O_i+As_i+O_i,Extrinsic,Y,O$_{i}$+As$_{i}$+O$_{i}$,0.53,1.96,-605.47,-602.61,-614.12,-595.27,-611.65,-589.36,0.26,0.01,0.00,0.09,0.29,,18.77
CdSe0.20Te0.80,O_i+Bi_Se+O_i,Extrinsic,Y,O$_{i}$+Bi$_{Se}$+O$_{i}$,0.53,1.96,-605.47,-621.46,-619.42,-616.90,-614.32,-611.73,0.25,0.02,0.00,0.11,0.28,,13.76
CdSe0.20Te0.80,O_i+Bi_Te+O_i,Extrinsic,Y,O$_{i}$+Bi$_{Te}$+O$_{i}$,0.53,1.96,-605.47,-622.14,-620.13,-617.72,-615.18,-612.59,0.14,0.01,0.00,0.12,0.37,,13.39
CdSe0.20Te0.80,O_i+Bi_i+O_i,Extrinsic,Y,O$_{i}$+Bi$_{i}$+O$_{i}$,0.53,1.96,-605.47,-602.48,-609.47,-594.41,-609.81,-588.47,0.44,0.12,0.00,0.00,0.24,,17.92
CdSe0.20Te0.80,O_i+N_Se+O_i,Extrinsic,Y,O$_{i}$+N$_{Se}$+O$_{i}$,0.53,1.96,-605.47,-625.08,-623.12,-620.59,-618.04,-615.03,0.36,0.13,0.00,0.01,0.21,,17.99
CdSe0.20Te0.80,O_i+N_Te+O_i,Extrinsic,Y,O$_{i}$+N$_{Te}$+O$_{i}$,0.53,1.96,-605.47,-625.67,-623.70,-621.30,-618.79,-616.03,0.39,0.10,0.00,0.10,0.29,,18.42
CdSe0.20Te0.80,O_i+N_i+O_i,Extrinsic,Y,O$_{i}$+N$_{i}$+O$_{i}$,0.53,1.96,-605.47,-603.65,-613.07,-597.49,-609.53,-592.29,0.35,0.06,0.00,0.07,0.29,,22.15
CdSe0.20Te0.80,O_i+P_Se+O_i,Extrinsic,Y,O$_{i}$+P$_{Se}$+O$_{i}$,0.53,1.96,-605.47,-625.50,-623.49,-621.10,-618.33,-615.56,0.29,0.05,0.00,0.07,0.29,,15.97
CdSe0.20Te0.80,O_i+P_Te+O_i,Extrinsic,Y,O$_{i}$+P$_{Te}$+O$_{i}$,0.53,1.96,-605.47,-626.11,-624.21,-621.73,-619.04,-616.49,0.25,0.04,0.00,0.10,0.29,,16.89
CdSe0.20Te0.80,O_i+P_i+O_i,Extrinsic,Y,O$_{i}$+P$_{i}$+O$_{i}$,0.53,1.96,-605.47,-602.16,-611.67,-595.84,-612.16,-589.92,0.19,0.05,0.00,0.12,0.37,,19.37
CdSe0.20Te0.80,O_i+Sb_Se+O_i,Extrinsic,Y,O$_{i}$+Sb$_{Se}$+O$_{i}$,0.53,1.96,-605.47,-622.18,-620.15,-617.65,-615.11,-612.58,0.56,0.15,0.00,0.11,0.25,,15.87
CdSe0.20Te0.80,O_i+Sb_Te+O_i,Extrinsic,Y,O$_{i}$+Sb$_{Te}$+O$_{i}$,0.53,1.96,-605.47,-622.88,-620.86,-618.44,-615.71,-613.19,0.52,0.15,0.00,0.02,0.16,,16.89
CdSe0.20Te0.80,O_i+Sb_i+O_i,Extrinsic,Y,O$_{i}$+Sb$_{i}$+O$_{i}$,0.53,1.96,-605.47,-601.30,-614.41,-594.88,-609.79,-588.95,0.36,0.03,0.00,0.13,0.35,,18.17
CdSe0.20Te0.80,P_Se,Extrinsic,Y,P$_{Se}$,0.53,1.96,-605.47,-609.58,-607.61,-605.61,-603.58,-601.10,0.39,-0.01,0.00,0.10,0.30,,1.60
CdSe0.20Te0.80,P_Se+Cl_Se,Extrinsic,Y,P$_{Se}$+Cl$_{Se}$,0.53,1.96,-605.47,-608.53,-606.53,-604.55,-602.05,-599.54,0.34,0.04,0.00,0.10,0.27,,0.68
CdSe0.20Te0.80,P_Se+Cl_i,Extrinsic,Y,P$_{Se}$+Cl$_{i}$,0.53,1.96,-605.47,-609.21,-606.82,-604.63,-602.32,-599.40,0.39,0.01,0.00,0.12,0.31,,4.84
CdSe0.20Te0.80,P_Se+O_Se,Extrinsic,Y,P$_{Se}$+O$_{Se}$,0.53,1.96,-605.47,-610.91,-608.96,-607.00,-604.99,-602.62,0.34,-0.01,0.00,0.12,0.37,,4.25
CdSe0.20Te0.80,P_Se+O_i,Extrinsic,Y,P$_{Se}$+O$_{i}$,0.53,1.96,-605.47,-616.60,-614.59,-612.47,-610.17,-607.67,0.34,0.10,0.00,0.06,0.27,,8.41
CdSe0.20Te0.80,P_Se+P_i,Extrinsic,Y,P$_{Se}$+P$_{i}$,0.53,1.96,-605.47,-611.90,-609.32,-606.86,-607.67,-601.43,0.40,0.12,0.00,0.04,0.22,,7.36
CdSe0.20Te0.80,P_Te+Cl_Te,Extrinsic,Y,P$_{Te}$+Cl$_{Te}$,0.53,1.96,-605.47,-609.74,-607.81,0.00,-603.43,-600.97,0.19,0.04,0.00,0.11,0.33,,1.94
CdSe0.20Te0.80,P_Te+Cl_i,Extrinsic,Y,P$_{Te}$+Cl$_{i}$,0.53,1.96,-605.47,-613.10,-610.92,-609.13,-606.41,-604.11,0.25,0.01,0.00,0.09,0.29,,5.47
CdSe0.20Te0.80,P_Te+O_Te,Extrinsic,Y,P$_{Te}$+O$_{Te}$,0.53,1.96,-605.47,-612.06,-610.17,-608.26,-606.31,-603.99,0.19,0.02,0.00,0.11,0.29,,5.51
CdSe0.20Te0.80,P_Te+O_i,Extrinsic,Y,P$_{Te}$+O$_{i}$,0.53,1.96,-605.47,-617.24,-615.24,-613.16,-610.91,-608.44,0.14,0.01,0.00,0.12,0.33,,9.24
CdSe0.20Te0.80,P_Te+P_i,Extrinsic,Y,P$_{Te}$+P$_{i}$,0.53,1.96,-605.47,-615.20,-612.99,-610.80,-608.22,-605.66,0.25,0.07,0.00,0.09,0.27,,7.99
CdSe0.20Te0.80,P_i,Extrinsic,Y,P$_{i}$,0.53,1.96,-605.47,-613.36,-611.13,-608.67,-606.56,-603.68,0.37,0.12,0.00,0.06,0.23,,5.76
CdSe0.20Te0.80,P_i+P_i,Extrinsic,Y,P$_{i}$+P$_{i}$,0.53,1.96,-605.47,-619.32,-616.45,-614.20,-611.52,-608.81,0.43,0.13,0.00,0.04,0.21,,11.52
CdSe0.20Te0.80,P_i+Se_i,Extrinsic,Y,P$_{i}$+Se$_{i}$,0.53,1.96,-605.47,-610.96,-608.50,-605.96,-610.08,-600.13,0.19,0.06,0.00,0.10,0.26,,9.92
CdSe0.20Te0.80,P_i+Te_i,Extrinsic,Y,P$_{i}$+Te$_{i}$,0.53,1.96,-605.47,-616.52,-614.31,-611.75,-608.97,-605.82,0.21,0.04,0.00,0.09,0.22,,9.29
CdSe0.20Te0.80,Sb_Se,Extrinsic,Y,Sb$_{Se}$,0.53,1.96,-605.47,-608.35,-606.32,-604.26,-602.10,-599.60,0.20,0.03,0.00,0.10,0.29,,0.40
CdSe0.20Te0.80,Sb_Se+Cl_Se,Extrinsic,Y,Sb$_{Se}$+Cl$_{Se}$,0.53,1.96,-605.47,-607.18,-605.14,-603.06,-600.55,-598.01,0.19,0.04,0.00,0.11,0.37,,-0.52
CdSe0.20Te0.80,Sb_Se+Cl_i,Extrinsic,Y,Sb$_{Se}$+Cl$_{i}$,0.53,1.96,-605.47,-608.70,-606.27,-603.51,-600.91,-598.32,0.37,0.09,0.00,0.04,0.16,,3.64
CdSe0.20Te0.80,Sb_Se+O_Se,Extrinsic,Y,Sb$_{Se}$+O$_{Se}$,0.53,1.96,-605.47,-609.77,-607.77,-605.75,-603.61,-601.19,0.34,0.16,0.00,-0.02,0.16,,3.05
CdSe0.20Te0.80,Sb_Se+O_i,Extrinsic,Y,Sb$_{Se}$+O$_{i}$,0.53,1.96,-605.47,-615.05,-613.02,-610.55,-608.00,-605.47,0.15,0.01,0.00,0.12,0.26,,7.21
CdSe0.20Te0.80,Sb_Se+Sb_i,Extrinsic,Y,Sb$_{Se}$+Sb$_{i}$,0.53,1.96,-605.47,-611.16,-608.55,-605.89,-604.84,-601.61,0.44,0.12,0.00,0.00,0.24,,4.97
CdSe0.20Te0.80,Sb_Te+Cl_Te,Extrinsic,Y,Sb$_{Te}$+Cl$_{Te}$,0.53,1.96,-605.47,-608.39,-606.41,-604.38,-601.95,-599.47,0.24,0.05,0.00,0.04,0.19,,0.74
CdSe0.20Te0.80,Sb_Te+Cl_i,Extrinsic,Y,Sb$_{Te}$+Cl$_{i}$,0.53,1.96,-605.47,-611.92,-609.72,-607.84,-605.13,-602.78,0.56,0.16,0.00,0.07,0.23,,4.27
CdSe0.20Te0.80,Sb_Te+O_Te,Extrinsic,Y,Sb$_{Te}$+O$_{Te}$,0.53,1.96,-605.47,-610.94,-609.00,-607.02,-604.95,-602.60,0.34,0.10,0.00,0.04,0.18,,4.31
CdSe0.20Te0.80,Sb_Te+O_i,Extrinsic,Y,Sb$_{Te}$+O$_{i}$,0.53,1.96,-605.47,-615.81,-613.84,-611.28,-608.73,-606.24,0.42,0.15,0.00,0.05,0.20,,8.04
CdSe0.20Te0.80,Sb_Te+Sb_i,Extrinsic,Y,Sb$_{Te}$+Sb$_{i}$,0.53,1.96,-605.47,-543.48,-539.59,-535.64,-531.65,-527.78,0.34,0.07,0.00,-0.02,0.16,,5.60
CdSe0.20Te0.80,Sb_i,Extrinsic,Y,Sb$_{i}$,0.53,1.96,-605.47,-612.35,-610.08,-607.54,-605.03,-602.25,0.19,-0.01,0.00,0.13,0.26,,4.56
CdSe0.20Te0.80,Sb_i+Sb_i,Extrinsic,Y,Sb$_{i}$+Sb$_{i}$,0.53,1.96,-605.47,-616.60,-613.68,-611.38,-608.55,-605.68,0.34,0.10,0.00,0.06,0.27,,9.13
CdSe0.20Te0.80,Sb_i+Se_i,Extrinsic,Y,Sb$_{i}$+Se$_{i}$,0.53,1.96,-605.47,-610.39,-607.37,-605.09,-608.70,-600.76,0.25,0.02,0.00,0.10,0.31,,8.72
CdSe0.20Te0.80,Sb_i+Te_i,Extrinsic,Y,Sb$_{i}$+Te$_{i}$,0.53,1.96,-605.47,-615.79,-613.08,-610.50,-607.54,-604.35,0.15,0.01,0.00,0.11,0.32,,8.09
CdSe0.25Te0.75,As_i,Extrinsic,Y,As$_{i}$,0.51,1.90,-609.99,-616.68,-614.53,-612.12,-609.67,-607.17,0.37,0.12,0.00,0.06,0.24,,5.36
CdSe0.25Te0.75,As_i+As_i,Extrinsic,Y,As$_{i}$ + As$_{i}$,0.51,1.90,-609.99,-620.01,-617.53,-615.08,-612.88,-608.01,0.21,0.04,0.00,0.10,0.27,,10.71
CdSe0.25Te0.75,As_i+Se_i,Extrinsic,Y,As$_{i}$ + Se$_{i}$,0.51,1.90,-609.99,-619.51,-615.97,-613.52,-611.02,-609.76,0.55,0.16,0.00,-0.02,0.16,,9.21
CdSe0.25Te0.75,As_i+Te_i,Extrinsic,Y,As$_{i}$ + Te$_{i}$,0.51,1.90,-609.99,-618.67,-614.97,-612.45,-609.88,-609.16,0.19,-0.01,0.00,0.14,0.43,,8.88
CdSe0.25Te0.75,As_Se,Extrinsic,Y,As$_{Se}$,0.51,1.90,-609.99,-612.62,-610.70,-608.76,-606.77,-604.39,0.31,0.09,0.00,0.10,0.26,,1.50
CdSe0.25Te0.75,As_Se+As_i,Extrinsic,Y,As$_{Se}$ + As$_{i}$,0.51,1.90,-609.99,-617.49,-615.07,-612.61,-610.19,-607.65,0.19,0.04,0.00,0.12,0.31,,6.86
CdSe0.25Te0.75,As_Se+Cl_i,Extrinsic,Y,As$_{Se}$ + Cl$_{i}$,0.51,1.90,-609.99,-615.41,-613.53,-611.56,-609.15,-605.39,0.25,0.01,0.00,0.09,0.29,,4.70
CdSe0.25Te0.75,As_Se+Cl_Se,Extrinsic,Y,As$_{Se}$ + Cl$_{Se}$,0.51,1.90,-609.99,-611.44,-609.50,-607.52,-605.15,-602.74,0.24,0.02,0.00,0.11,0.28,,0.85
CdSe0.25Te0.75,As_Se+O_i,Extrinsic,Y,As$_{Se}$ + O$_{i}$,0.51,1.90,-609.99,-618.92,-616.98,-615.03,-612.62,-610.22,0.14,0.01,0.00,0.12,0.36,,8.31
CdSe0.25Te0.75,As_Se+O_Se,Extrinsic,Y,As$_{Se}$ + O$_{Se}$,0.51,1.90,-609.99,-613.98,-612.08,-610.17,-608.20,-605.94,0.43,0.12,0.00,0.00,0.23,,4.45
CdSe0.25Te0.75,As_Te+As_i,Extrinsic,Y,As$_{Te}$ + As$_{i}$,0.51,1.90,-609.99,-617.23,-614.84,-612.66,-610.26,-607.84,0.35,0.13,0.00,0.01,0.20,,7.18
CdSe0.25Te0.75,As_Te+Cl_i,Extrinsic,Y,As$_{Te}$ + Cl$_{i}$,0.51,1.90,-609.99,-615.17,-613.24,-612.08,-609.69,-606.43,0.39,0.10,0.00,0.10,0.28,,5.03
CdSe0.25Te0.75,As_Te+Cl_Te,Extrinsic,Y,As$_{Te}$ + Cl$_{Te}$,0.51,1.90,-609.99,-612.72,-610.86,-608.96,-606.66,-604.30,0.35,0.06,0.00,0.07,0.28,,1.50
CdSe0.25Te0.75,As_Te+O_i,Extrinsic,Y,As$_{Te}$ + O$_{i}$,0.51,1.90,-609.99,-618.51,-616.61,0.00,-612.80,-610.44,0.29,0.05,0.00,0.07,0.28,,8.63
CdSe0.25Te0.75,As_Te+O_Te,Extrinsic,Y,As$_{Te}$ + O$_{Te}$,0.51,1.90,-609.99,-615.11,-613.28,-611.43,-609.53,-607.32,0.24,0.04,0.00,0.10,0.29,,5.10
CdSe0.25Te0.75,Bi_i,Extrinsic,Y,Bi$_{i}$,0.51,1.90,-609.99,-616.15,-613.67,-610.99,-608.60,-605.05,0.19,0.05,0.00,0.12,0.36,,4.31
CdSe0.25Te0.75,Bi_i+Bi_i,Extrinsic,Y,Bi$_{i}$ + Bi$_{i}$,0.51,1.90,-609.99,-618.65,-615.71,-613.17,-610.14,-607.70,0.55,0.15,0.00,0.11,0.25,,8.62
CdSe0.25Te0.75,Bi_i+Se_i,Extrinsic,Y,Bi$_{i}$ + Se$_{i}$,0.51,1.90,-609.99,-617.63,-616.35,-612.62,-609.90,-607.43,0.51,0.14,0.00,0.02,0.16,,8.16
CdSe0.25Te0.75,Bi_i+Te_i,Extrinsic,Y,Bi$_{i}$ + Te$_{i}$,0.51,1.90,-609.99,-616.57,-616.02,-612.83,-611.53,-608.31,0.35,0.03,0.00,0.13,0.34,,7.84
CdSe0.25Te0.75,Bi_Se,Extrinsic,Y,Bi$_{Se}$,0.51,1.90,-609.99,-611.48,-609.48,-607.43,-605.27,-602.87,0.39,-0.01,0.00,0.10,0.30,,0.46
CdSe0.25Te0.75,Bi_Se+Bi_i,Extrinsic,Y,Bi$_{Se}$ + Bi$_{i}$,0.51,1.90,-609.99,-615.93,-613.47,-610.95,-608.03,-605.38,0.33,0.04,0.00,0.10,0.26,,4.77
CdSe0.25Te0.75,Bi_Se+Cl_i,Extrinsic,Y,Bi$_{Se}$ + Cl$_{i}$,0.51,1.90,-609.99,-615.43,-612.51,-610.40,-607.97,-605.48,0.39,0.01,0.00,0.12,0.31,,3.65
CdSe0.25Te0.75,Bi_Se+Cl_Se,Extrinsic,Y,Bi$_{Se}$ + Cl$_{Se}$,0.51,1.90,-609.99,-610.24,-608.20,-606.04,-603.65,-601.20,0.33,-0.01,0.00,0.12,0.36,,-0.20
CdSe0.25Te0.75,Bi_Se+O_i,Extrinsic,Y,Bi$_{Se}$ + O$_{i}$,0.51,1.90,-609.99,-618.24,-615.97,-613.85,-611.31,-608.83,0.34,0.10,0.00,0.06,0.26,,7.26
CdSe0.25Te0.75,Bi_Se+O_Se,Extrinsic,Y,Bi$_{Se}$ + O$_{Se}$,0.51,1.90,-609.99,-612.85,-610.88,-608.85,-606.72,-604.42,0.40,0.12,0.00,0.04,0.21,,3.41
CdSe0.25Te0.75,Bi_Te+Bi_i,Extrinsic,Y,Bi$_{Te}$ + Bi$_{i}$,0.51,1.90,-609.99,-615.40,-612.97,-610.49,-607.77,-605.33,0.19,0.04,0.00,0.11,0.32,,5.09
CdSe0.25Te0.75,Bi_Te+Cl_i,Extrinsic,Y,Bi$_{Te}$ + Cl$_{i}$,0.51,1.90,-609.99,-614.88,-612.93,-610.93,-608.52,-604.91,0.24,0.01,0.00,0.09,0.28,,3.98
CdSe0.25Te0.75,Bi_Te+Cl_Te,Extrinsic,Y,Bi$_{Te}$ + Cl$_{Te}$,0.51,1.90,-609.99,-611.54,-609.59,-607.56,-605.23,-602.85,0.19,0.02,0.00,0.11,0.29,,0.45
CdSe0.25Te0.75,Bi_Te+O_i,Extrinsic,Y,Bi$_{Te}$ + O$_{i}$,0.51,1.90,-609.99,-617.38,-615.41,-613.40,-611.24,-608.86,0.15,0.01,0.00,0.11,0.32,,7.59
CdSe0.25Te0.75,Bi_Te+O_Te,Extrinsic,Y,Bi$_{Te}$ + O$_{Te}$,0.51,1.90,-609.99,-614.13,-612.24,-610.30,-608.20,-605.95,0.37,0.12,0.00,0.06,0.24,,4.06
CdSe0.25Te0.75,N_i,Extrinsic,Y,N$_{i}$,0.51,1.90,-609.99,-618.45,-616.51,-612.84,-610.46,-608.03,0.21,0.04,0.00,0.10,0.27,,8.54
CdSe0.25Te0.75,N_i+N_i,Extrinsic,Y,N$_{i}$ + N$_{i}$,0.51,1.90,-609.99,-621.97,-620.31,-616.67,-614.28,-611.83,0.55,0.16,0.00,-0.02,0.16,,17.08
CdSe0.25Te0.75,N_i+Se_i,Extrinsic,Y,N$_{i}$ + Se$_{i}$,0.51,1.90,-609.99,-619.43,-616.50,-614.27,-611.85,-609.38,0.19,-0.01,0.00,0.14,0.43,,12.39
CdSe0.25Te0.75,N_i+Te_i,Extrinsic,Y,N$_{i}$ + Te$_{i}$,0.51,1.90,-609.99,-619.06,-617.11,-613.26,-610.77,-608.24,0.31,0.09,0.00,0.10,0.26,,12.07
CdSe0.25Te0.75,N_Se,Extrinsic,Y,N$_{Se}$,0.51,1.90,-609.99,-614.41,-612.54,-610.65,-608.72,-606.40,0.19,0.04,0.00,0.12,0.31,,4.68
CdSe0.25Te0.75,N_Se+Cl_i,Extrinsic,Y,N$_{Se}$ + Cl$_{i}$,0.51,1.90,-609.99,-616.92,-615.02,-613.20,-610.39,-607.83,0.25,0.01,0.00,0.09,0.29,,7.88
CdSe0.25Te0.75,N_Se+Cl_Se,Extrinsic,Y,N$_{Se}$ + Cl$_{Se}$,0.51,1.90,-609.99,-613.26,-611.37,-609.45,-607.14,-604.79,0.24,0.02,0.00,0.11,0.28,,4.03
CdSe0.25Te0.75,N_Se+N_i,Extrinsic,Y,N$_{Se}$ + N$_{i}$,0.51,1.90,-609.99,-620.40,-618.03,-614.42,-612.48,-610.14,0.14,0.01,0.00,0.12,0.36,,13.22
CdSe0.25Te0.75,N_Se+O_i,Extrinsic,Y,N$_{Se}$ + O$_{i}$,0.51,1.90,-609.99,-619.95,-618.07,-616.12,-614.14,-611.80,0.43,0.12,0.00,0.00,0.23,,11.49
CdSe0.25Te0.75,N_Se+O_Se,Extrinsic,Y,N$_{Se}$ + O$_{Se}$,0.51,1.90,-609.99,-615.75,-613.90,-612.03,-610.13,-607.92,0.35,0.13,0.00,0.01,0.20,,7.63
CdSe0.25Te0.75,N_Te+Cl_i,Extrinsic,Y,N$_{Te}$ + Cl$_{i}$,0.51,1.90,-609.99,-617.15,-615.07,-613.15,-610.72,-608.44,0.39,0.10,0.00,0.10,0.28,,8.21
CdSe0.25Te0.75,N_Te+Cl_Te,Extrinsic,Y,N$_{Te}$ + Cl$_{Te}$,0.51,1.90,-609.99,-614.49,-612.66,-610.79,-608.56,-606.27,0.35,0.06,0.00,0.07,0.28,,4.68
CdSe0.25Te0.75,N_Te+N_i,Extrinsic,Y,N$_{Te}$ + N$_{i}$,0.51,1.90,-609.99,-619.93,-618.31,-614.78,-612.87,-610.58,0.21,0.04,0.00,0.10,0.27,,13.55
CdSe0.25Te0.75,N_Te+O_i,Extrinsic,Y,N$_{Te}$ + O$_{i}$,0.51,1.90,-609.99,-620.22,-618.37,-616.50,-613.17,-612.31,0.55,0.16,0.00,-0.02,0.16,,11.81
CdSe0.25Te0.75,N_Te+O_Te,Extrinsic,Y,N$_{Te}$ + O$_{Te}$,0.51,1.90,-609.99,-616.64,-614.85,-613.03,-611.18,-609.04,0.19,-0.01,0.00,0.14,0.43,,8.29
CdSe0.25Te0.75,O_i+As_i+O_i,Extrinsic,Y,O$_{i}$ + As$_{i}$ + O$_{i}$,0.51,1.90,-609.99,-626.14,-625.40,0.00,0.00,-618.85,0.31,0.09,0.00,0.10,0.26,,18.97
CdSe0.25Te0.75,O_i+As_Se+O_i,Extrinsic,Y,O$_{i}$ + As$_{Se}$ + O$_{i}$,0.51,1.90,-609.99,-623.09,-621.18,-619.25,-617.26,-615.12,0.19,0.04,0.00,0.12,0.31,,15.12
CdSe0.25Te0.75,O_i+As_Te+O_i,Extrinsic,Y,O$_{i}$ + As$_{Te}$ + O$_{i}$,0.51,1.90,-609.99,-622.38,-620.50,-618.64,-616.72,-614.77,0.25,0.01,0.00,0.09,0.29,,16.92
CdSe0.25Te0.75,O_i+Bi_i+O_i,Extrinsic,Y,O$_{i}$ + Bi$_{i}$ + O$_{i}$,0.51,1.90,-609.99,-627.94,-625.74,-622.63,-620.56,-617.39,0.24,0.02,0.00,0.11,0.28,,17.92
CdSe0.25Te0.75,O_i+Bi_Se+O_i,Extrinsic,Y,O$_{i}$ + Bi$_{Se}$ + O$_{i}$,0.51,1.90,-609.99,-623.00,-621.02,-618.61,-616.41,-613.97,0.14,0.01,0.00,0.12,0.36,,14.37
CdSe0.25Te0.75,O_i+Bi_Te+O_i,Extrinsic,Y,O$_{i}$ + Bi$_{Te}$ + O$_{i}$,0.51,1.90,-609.99,-621.68,-619.75,-617.48,0.00,-613.45,0.43,0.12,0.00,0.00,0.23,,13.39
CdSe0.25Te0.75,O_i+N_i+O_i,Extrinsic,Y,O$_{i}$ + N$_{i}$ + O$_{i}$,0.51,1.90,-609.99,-629.90,-623.86,-622.36,-621.46,-618.94,0.35,0.13,0.00,0.01,0.20,,22.15
CdSe0.25Te0.75,O_i+N_Se+O_i,Extrinsic,Y,O$_{i}$ + N$_{Se}$ + O$_{i}$,0.51,1.90,-609.99,0.00,0.00,-619.96,-618.07,-616.25,0.39,0.10,0.00,0.10,0.28,,18.29
CdSe0.25Te0.75,O_i+N_Te+O_i,Extrinsic,Y,O$_{i}$ + N$_{Te}$ + O$_{i}$,0.51,1.90,-609.99,-624.14,-622.30,-620.48,0.00,-616.68,0.35,0.06,0.00,0.07,0.28,,18.42
CdSe0.25Te0.75,O_i+P_i+O_i,Extrinsic,Y,O$_{i}$ + P$_{i}$ + O$_{i}$,0.51,1.90,-609.99,-626.47,-624.13,-623.13,-620.70,-618.12,0.29,0.05,0.00,0.07,0.28,,19.46
CdSe0.25Te0.75,O_i+P_Se+O_i,Extrinsic,Y,O$_{i}$ + P$_{Se}$ + O$_{i}$,0.51,1.90,-609.99,-624.17,-622.26,-620.32,-618.34,-616.17,0.24,0.04,0.00,0.10,0.29,,17.46
CdSe0.25Te0.75,O_i+P_Te+O_i,Extrinsic,Y,O$_{i}$ + P$_{Te}$ + O$_{i}$,0.51,1.90,-609.99,-623.02,-621.15,-619.26,-618.09,-615.43,0.19,0.05,0.00,0.12,0.36,,16.89
CdSe0.25Te0.75,O_i+Sb_i+O_i,Extrinsic,Y,O$_{i}$ + Sb$_{i}$ + O$_{i}$,0.51,1.90,-609.99,-626.06,-623.96,-622.59,-619.83,-617.08,0.55,0.15,0.00,0.11,0.25,,18.17
CdSe0.25Te0.75,O_i+Sb_Se+O_i,Extrinsic,Y,O$_{i}$ + Sb$_{Se}$ + O$_{i}$,0.51,1.90,-609.99,0.00,0.00,-619.20,0.00,-614.40,0.51,0.14,0.00,0.02,0.16,,17.32
CdSe0.25Te0.75,O_i+Sb_Te+O_i,Extrinsic,Y,O$_{i}$ + Sb$_{Te}$ + O$_{i}$,0.51,1.90,-609.99,-621.80,-619.88,-617.95,-615.98,-614.01,0.35,0.03,0.00,0.13,0.34,,16.89
CdSe0.25Te0.75,P_i,Extrinsic,Y,P$_{i}$,0.51,1.90,-609.99,-616.99,-614.95,-612.53,-610.24,-606.56,0.39,-0.01,0.00,0.10,0.30,,5.85
CdSe0.25Te0.75,P_i+P_i,Extrinsic,Y,P$_{i}$ + P$_{i}$,0.51,1.90,-609.99,-620.37,-618.38,-616.06,-614.07,-608.83,0.33,0.04,0.00,0.10,0.26,,11.70
CdSe0.25Te0.75,P_i+Se_i,Extrinsic,Y,P$_{i}$ + Se$_{i}$,0.51,1.90,-609.99,-619.84,-616.38,-613.93,-611.43,-610.53,0.39,0.01,0.00,0.12,0.31,,9.71
CdSe0.25Te0.75,P_i+Te_i,Extrinsic,Y,P$_{i}$ + Te$_{i}$,0.51,1.90,-609.99,-617.86,-615.39,-613.08,-612.07,-606.82,0.33,-0.01,0.00,0.12,0.36,,9.38
CdSe0.25Te0.75,P_Se,Extrinsic,Y,P$_{Se}$,0.51,1.90,-609.99,-613.24,-611.33,-609.40,-607.43,-605.06,0.34,0.10,0.00,0.06,0.26,,2.00
CdSe0.25Te0.75,P_Se+Cl_i,Extrinsic,Y,P$_{Se}$ + Cl$_{i}$,0.51,1.90,-609.99,-616.02,-614.09,-612.12,-609.02,-606.11,0.14,0.01,0.00,0.12,0.37,,5.20
CdSe0.25Te0.75,P_Se+Cl_Se,Extrinsic,Y,P$_{Se}$ + Cl$_{Se}$,0.51,1.90,-609.99,-612.06,-610.14,-608.18,-605.81,-603.39,0.44,0.12,0.00,0.00,0.24,,1.34
CdSe0.25Te0.75,P_Se+O_i,Extrinsic,Y,P$_{Se}$ + O$_{i}$,0.51,1.90,-609.99,-620.19,-618.25,-616.25,-613.94,-611.54,0.36,0.13,0.00,0.01,0.21,,8.80
CdSe0.25Te0.75,P_Se+O_Se,Extrinsic,Y,P$_{Se}$ + O$_{Se}$,0.51,1.90,-609.99,-614.59,-612.71,-610.80,-608.86,-606.59,0.39,0.10,0.00,0.10,0.29,,4.95
CdSe0.25Te0.75,P_Se+P_i,Extrinsic,Y,P$_{Se}$ + P$_{i}$,0.51,1.90,-609.99,-618.46,-616.18,-613.89,-611.45,-608.80,0.35,0.06,0.00,0.07,0.29,,7.85
CdSe0.25Te0.75,P_Te+Cl_i,Extrinsic,Y,P$_{Te}$ + Cl$_{i}$,0.51,1.90,-609.99,-615.79,-613.87,-611.92,-609.07,-607.09,0.29,0.05,0.00,0.07,0.29,,5.52
CdSe0.25Te0.75,P_Te+Cl_Te,Extrinsic,Y,P$_{Te}$ + Cl$_{Te}$,0.51,1.90,-609.99,-613.34,-611.48,-609.59,-607.29,-604.93,0.25,0.04,0.00,0.10,0.29,,1.99
CdSe0.25Te0.75,P_Te+O_i,Extrinsic,Y,P$_{Te}$ + O$_{i}$,0.51,1.90,-609.99,-619.05,-617.17,-615.27,-613.43,-611.08,0.19,0.05,0.00,0.12,0.37,,9.13
CdSe0.25Te0.75,P_Te+O_Te,Extrinsic,Y,P$_{Te}$ + O$_{Te}$,0.51,1.90,-609.99,-615.67,-613.85,-612.01,-610.13,-607.91,0.56,0.15,0.00,0.11,0.25,,5.60
CdSe0.25Te0.75,P_Te+P_i,Extrinsic,Y,P$_{Te}$ + P$_{i}$,0.51,1.90,-609.99,-618.15,-615.83,-613.70,-611.30,-609.04,0.52,0.15,0.00,0.02,0.16,,8.18
CdSe0.25Te0.75,Sb_i,Extrinsic,Y,Sb$_{i}$,0.51,1.90,-609.99,-616.16,-613.69,-611.21,-608.82,-605.35,0.36,0.03,0.00,0.13,0.35,,4.56
CdSe0.25Te0.75,Sb_i+Sb_i,Extrinsic,Y,Sb$_{i}$ + Sb$_{i}$,0.51,1.90,-609.99,-618.81,-615.99,-613.64,-611.15,-608.33,0.39,-0.01,0.00,0.10,0.30,,9.13
CdSe0.25Te0.75,Sb_i+Se_i,Extrinsic,Y,Sb$_{i}$ + Se$_{i}$,0.51,1.90,-609.99,-617.64,-616.37,-613.87,-611.34,-607.52,0.34,0.04,0.00,0.10,0.27,,8.42
CdSe0.25Te0.75,Sb_i+Te_i,Extrinsic,Y,Sb$_{i}$ + Te$_{i}$,0.51,1.90,-609.99,-616.58,-614.10,-613.03,-610.48,-608.12,0.39,0.01,0.00,0.12,0.31,,8.09
CdSe0.25Te0.75,Sb_Se,Extrinsic,Y,Sb$_{Se}$,0.51,1.90,-609.99,-611.99,-610.03,-608.03,-605.96,-603.55,0.34,-0.01,0.00,0.12,0.37,,0.71
CdSe0.25Te0.75,Sb_Se+Cl_i,Extrinsic,Y,Sb$_{Se}$ + Cl$_{i}$,0.51,1.90,-609.99,-614.86,-612.88,-610.86,-608.43,-605.94,0.34,0.10,0.00,0.06,0.27,,3.91
CdSe0.25Te0.75,Sb_Se+Cl_Se,Extrinsic,Y,Sb$_{Se}$ + Cl$_{Se}$,0.51,1.90,-609.99,-610.78,-608.79,-606.73,-604.33,-601.89,0.40,0.12,0.00,0.04,0.22,,0.05
CdSe0.25Te0.75,Sb_Se+O_i,Extrinsic,Y,Sb$_{Se}$ + O$_{i}$,0.51,1.90,-609.99,-618.84,0.00,-614.34,-611.80,-609.36,0.19,0.04,0.00,0.11,0.33,,7.51
CdSe0.25Te0.75,Sb_Se+O_Se,Extrinsic,Y,Sb$_{Se}$ + O$_{Se}$,0.51,1.90,-609.99,-613.36,-611.42,-609.44,-607.40,-605.10,0.25,0.01,0.00,0.09,0.29,,3.66
CdSe0.25Te0.75,Sb_Se+Sb_i,Extrinsic,Y,Sb$_{Se}$ + Sb$_{i}$,0.51,1.90,-609.99,-616.42,-613.96,-611.44,-608.69,-605.97,0.19,0.02,0.00,0.11,0.29,,5.27
CdSe0.25Te0.75,Sb_Te+Cl_i,Extrinsic,Y,Sb$_{Te}$ + Cl$_{i}$,0.51,1.90,-609.99,-615.36,-613.43,-611.46,-609.04,-605.59,0.14,0.01,0.00,0.12,0.33,,4.89
CdSe0.25Te0.75,Sb_Te+Cl_Te,Extrinsic,Y,Sb$_{Te}$ + Cl$_{Te}$,0.51,1.90,-609.99,-612.07,-610.16,-608.21,-605.88,-603.50,0.25,0.07,0.00,0.09,0.27,,1.37
CdSe0.25Te0.75,Sb_Te+O_i,Extrinsic,Y,Sb$_{Te}$ + O$_{i}$,0.51,1.90,-609.99,-617.89,-615.95,-613.93,0.00,-609.59,0.37,0.12,0.00,0.06,0.23,,8.64
CdSe0.25Te0.75,Sb_Te+O_Te,Extrinsic,Y,Sb$_{Te}$ + O$_{Te}$,0.51,1.90,-609.99,-614.57,-612.71,-610.80,-608.82,-606.57,0.43,0.13,0.00,0.04,0.21,,5.11
CdSe0.25Te0.75,Sb_Te+Sb_i,Extrinsic,Y,Sb$_{Te}$ + Sb$_{i}$,0.51,1.90,-609.99,-616.06,-613.63,-611.15,-608.80,-606.18,0.19,0.06,0.00,0.10,0.26,,5.60